{"type": "FeatureCollection", "features": [{"type": "Feature", "properties": {"scalerank": 5, "featurecla": "Urban area", "area_sqkm": 241.849, "min_zoom": 5}, "bbox": [114.84102, 30.147207, 115.174361, 30.291706], "geometry": {"type": "Polygon", "coordinates": [[[115.134647, 30.248633], [115.151575, 30.243853], [115.151581, 30.24385], [115.151586, 30.243847], [115.151591, 30.243844], [115.162334, 30.234835], [115.162339, 30.234829], [115.162343, 30.234824], [115.17079, 30.221006], [115.170793, 30.221001], [115.170795, 30.220996], [115.170796, 30.220991], [115.174361, 30.202802], [115.174361, 30.202795], [115.174361, 30.202788], [115.174359, 30.202781], [115.174357, 30.202774], [115.174353, 30.202768], [115.174349, 30.202762], [115.174343, 30.202758], [115.174337, 30.202754], [115.174331, 30.202751], [115.174324, 30.202749], [115.174316, 30.202749], [115.15206, 30.202749], [115.146417, 30.200195], [115.144377, 30.197159], [115.1435, 30.194114], [115.143498, 30.194107], [115.143494, 30.194101], [115.143489, 30.194095], [115.141047, 30.191678], [115.141041, 30.191673], [115.141035, 30.191669], [115.141028, 30.191666], [115.14102, 30.191665], [115.141013, 30.191665], [115.122808, 30.192763], [115.118887, 30.191674], [115.118502, 30.189559], [115.119185, 30.18229], [115.119186, 30.182286], [115.119185, 30.182278], [115.118892, 30.180569], [115.11889, 30.180562], [115.118887, 30.180555], [115.118883, 30.180549], [115.118878, 30.180544], [115.118873, 30.180539], [115.118866, 30.180536], [115.118859, 30.180533], [115.118852, 30.180532], [115.118845, 30.180532], [115.082622, 30.182753], [115.074264, 30.180542], [115.074264, 30.169468], [115.074263, 30.169461], [115.074261, 30.169453], [115.074258, 30.169447], [115.074254, 30.16944], [115.074248, 30.169435], [115.074242, 30.16943], [115.074235, 30.169427], [115.074228, 30.169425], [115.074221, 30.169424], [115.074213, 30.169424], [115.074205, 30.169426], [115.022559, 30.185486], [115.007649, 30.18054], [114.996525, 30.15834], [114.996521, 30.158334], [114.996516, 30.158328], [114.99651, 30.158323], [114.996504, 30.158319], [114.996497, 30.158317], [114.996489, 30.158315], [114.983159, 30.156802], [114.983154, 30.156801], [114.98315, 30.156802], [114.968751, 30.158095], [114.95706, 30.156683], [114.952091, 30.147231], [114.952087, 30.147225], [114.952082, 30.147219], [114.952076, 30.147215], [114.95207, 30.147211], [114.952064, 30.147209], [114.952057, 30.147207], [114.952049, 30.147207], [114.952042, 30.147208], [114.952035, 30.147209], [114.939926, 30.151677], [114.93992, 30.15168], [114.939915, 30.151683], [114.939911, 30.151687], [114.939907, 30.151691], [114.932484, 30.16092], [114.932481, 30.160925], [114.932478, 30.160931], [114.932476, 30.160938], [114.929351, 30.174414], [114.92935, 30.17442], [114.92935, 30.174426], [114.929836, 30.191658], [114.880963, 30.185415], [114.880957, 30.185415], [114.880951, 30.185415], [114.880946, 30.185416], [114.862049, 30.19025], [114.862045, 30.190251], [114.862038, 30.190255], [114.841041, 30.202755], [114.841035, 30.202759], [114.84103, 30.202765], [114.841026, 30.202771], [114.841022, 30.202778], [114.84102, 30.202785], [114.84102, 30.202792], [114.84102, 30.2028], [114.841022, 30.202807], [114.841024, 30.202814], [114.841028, 30.202821], [114.87428, 30.247279], [114.874285, 30.247284], [114.87429, 30.247288], [114.885716, 30.255443], [114.885722, 30.255446], [114.885728, 30.255449], [114.885735, 30.25545], [114.885742, 30.255451], [114.885748, 30.255451], [114.885755, 30.255449], [114.89347, 30.25313], [114.893476, 30.253128], [114.893481, 30.253125], [114.893486, 30.253121], [114.90276, 30.245067], [114.918862, 30.236162], [114.926663, 30.234968], [114.952049, 30.236164], [114.952055, 30.236164], [114.952062, 30.236163], [114.952068, 30.236161], [114.971883, 30.228132], [114.981239, 30.228351], [114.996455, 30.236154], [114.999078, 30.239458], [114.999565, 30.242864], [114.999566, 30.242869], [114.999568, 30.242875], [114.999571, 30.24288], [115.001329, 30.245786], [115.001333, 30.245791], [115.001338, 30.245796], [115.001343, 30.245801], [115.00135, 30.245804], [115.001356, 30.245806], [115.001454, 30.24583], [115.001461, 30.245832], [115.001467, 30.245832], [115.009854, 30.245393], [115.033459, 30.257342], [115.034235, 30.259644], [115.034238, 30.259651], [115.034242, 30.259657], [115.034246, 30.259662], [115.034252, 30.259667], [115.034258, 30.25967], [115.034265, 30.259673], [115.038165, 30.26077], [115.058805, 30.273505], [115.063139, 30.280565], [115.063041, 30.291661], [115.063042, 30.291668], [115.063043, 30.291675], [115.063046, 30.291682], [115.06305, 30.291688], [115.063055, 30.291694], [115.063061, 30.291698], [115.063067, 30.291702], [115.063074, 30.291704], [115.063082, 30.291706], [115.063089, 30.291706], [115.072366, 30.291047], [115.072371, 30.291046], [115.072378, 30.291044], [115.090542, 30.284892], [115.090548, 30.284889], [115.090554, 30.284886], [115.096462, 30.280589], [115.096467, 30.280585], [115.096472, 30.280579], [115.096475, 30.280574], [115.096478, 30.280568], [115.09648, 30.280561], [115.096919, 30.278364], [115.09692, 30.278357], [115.09692, 30.27835], [115.096042, 30.271399], [115.096474, 30.269476], [115.105238, 30.265727], [115.121982, 30.26231], [115.121988, 30.262309], [115.121993, 30.262307], [115.129903, 30.258376], [115.129909, 30.258372], [115.129915, 30.258367], [115.12992, 30.258361], [115.132459, 30.254724], [115.132462, 30.254717], [115.132465, 30.25471], [115.132467, 30.254703], [115.132856, 30.251296], [115.134647, 30.248633]]]}}, {"type": "Feature", "properties": {"scalerank": 9, "featurecla": "Urban area", "area_sqkm": 12.899, "min_zoom": 7.7}, "bbox": [114.075736, 30.280508, 114.131295, 30.336139], "geometry": {"type": "Polygon", "coordinates": [[[114.107796, 30.302807], [114.112014, 30.301716], [114.125579, 30.30379], [114.125585, 30.303791], [114.12559, 30.303791], [114.125595, 30.30379], [114.130086, 30.302814], [114.130088, 30.302813], [114.130094, 30.302811], [114.130101, 30.302808], [114.130107, 30.302804], [114.130112, 30.302799], [114.130116, 30.302794], [114.130119, 30.302787], [114.130121, 30.302781], [114.130122, 30.302777], [114.131293, 30.298386], [114.131295, 30.29838], [114.131295, 30.298374], [114.131295, 30.298368], [114.12944, 30.285435], [114.130123, 30.280559], [114.130123, 30.280551], [114.130122, 30.280544], [114.13012, 30.280537], [114.130117, 30.28053], [114.130113, 30.280524], [114.130108, 30.280519], [114.130102, 30.280514], [114.130095, 30.280511], [114.130088, 30.280509], [114.13008, 30.280508], [114.130073, 30.280508], [114.130066, 30.280509], [114.130059, 30.280512], [114.087725, 30.300776], [114.087719, 30.300779], [114.087714, 30.300783], [114.08771, 30.300787], [114.075747, 30.314947], [114.075743, 30.314953], [114.075739, 30.31496], [114.075737, 30.314967], [114.075736, 30.314974], [114.075737, 30.314981], [114.075738, 30.314988], [114.075741, 30.314995], [114.085604, 30.336113], [114.085607, 30.33612], [114.085612, 30.336125], [114.085617, 30.33613], [114.085623, 30.336134], [114.085629, 30.336137], [114.085636, 30.336139], [114.085643, 30.336139], [114.08565, 30.336139], [114.085657, 30.336138], [114.096692, 30.333037], [114.096699, 30.333035], [114.096705, 30.333031], [114.096711, 30.333026], [114.096716, 30.33302], [114.09672, 30.333014], [114.101212, 30.324103], [114.101214, 30.324098], [114.101216, 30.324092], [114.103461, 30.312915], [114.107796, 30.302807]]]}}, {"type": "Feature", "properties": {"scalerank": 9, "featurecla": "Urban area", "area_sqkm": 3.08, "min_zoom": 7.7}, "bbox": [114.918803, 30.073427, 114.962838, 30.086628], "geometry": {"type": "Polygon", "coordinates": [[[114.952155, 30.073428], [114.95215, 30.073427], [114.952144, 30.073428], [114.952139, 30.073428], [114.918838, 30.080557], [114.918831, 30.080559], [114.918825, 30.080562], [114.918819, 30.080567], [114.918814, 30.080572], [114.91881, 30.080577], [114.918806, 30.080584], [114.918804, 30.08059], [114.918803, 30.080597], [114.918803, 30.080604], [114.918804, 30.080612], [114.918806, 30.080618], [114.92071, 30.085281], [114.920713, 30.085288], [114.920717, 30.085293], [114.920722, 30.085298], [114.920728, 30.085302], [114.920734, 30.085306], [114.92074, 30.085308], [114.920747, 30.085309], [114.933293, 30.086627], [114.933296, 30.086627], [114.933301, 30.086628], [114.933307, 30.086627], [114.933312, 30.086626], [114.933316, 30.086625], [114.943224, 30.084136], [114.943228, 30.084135], [114.943232, 30.084133], [114.962812, 30.075027], [114.962819, 30.075023], [114.962825, 30.075018], [114.96283, 30.075012], [114.962833, 30.075006], [114.962836, 30.074999], [114.962838, 30.074991], [114.962838, 30.074983], [114.962837, 30.074976], [114.962834, 30.074968], [114.962831, 30.074962], [114.962826, 30.074956], [114.96282, 30.07495], [114.962814, 30.074946], [114.962807, 30.074943], [114.962799, 30.074942], [114.952155, 30.073428]]]}}, {"type": "Feature", "properties": {"scalerank": 9, "featurecla": "Urban area", "area_sqkm": 0.673, "min_zoom": 7.7}, "bbox": [114.976029, 30.076772, 114.994088, 30.086628], "geometry": {"type": "Polygon", "coordinates": [[[114.97608, 30.076773], [114.976073, 30.076772], [114.976065, 30.076773], [114.976058, 30.076775], [114.976051, 30.076778], [114.976045, 30.076783], [114.97604, 30.076788], [114.976036, 30.076794], [114.976032, 30.0768], [114.97603, 30.076808], [114.976029, 30.076815], [114.97603, 30.076822], [114.976031, 30.07683], [114.976034, 30.076836], [114.976037, 30.076843], [114.976042, 30.076849], [114.98312, 30.084073], [114.983122, 30.084075], [114.983126, 30.084079], [114.98313, 30.084082], [114.983135, 30.084084], [114.983139, 30.084086], [114.988457, 30.086623], [114.988463, 30.086626], [114.988469, 30.086627], [114.988476, 30.086628], [114.988482, 30.086627], [114.994049, 30.085919], [114.994056, 30.085918], [114.994063, 30.085915], [114.99407, 30.085911], [114.994076, 30.085906], [114.994081, 30.085899], [114.994084, 30.085893], [114.994087, 30.085885], [114.994088, 30.085878], [114.994088, 30.08587], [114.994086, 30.085862], [114.994083, 30.085855], [114.994079, 30.085848], [114.994074, 30.085842], [114.994068, 30.085838], [114.981861, 30.077537], [114.981855, 30.077533], [114.981849, 30.077531], [114.981842, 30.077529], [114.97608, 30.076773]]]}}, {"type": "Feature", "properties": {"scalerank": 9, "featurecla": "Urban area", "area_sqkm": 7.991, "min_zoom": 7.7}, "bbox": [114.947416, 30.108901, 114.999947, 30.135651], "geometry": {"type": "Polygon", "coordinates": [[[114.991836, 30.135018], [114.999939, 30.124036], [114.999942, 30.12403], [114.999945, 30.124023], [114.999947, 30.124016], [114.999947, 30.124008], [114.999947, 30.124001], [114.999945, 30.123994], [114.999941, 30.123987], [114.999937, 30.123981], [114.999932, 30.123976], [114.988506, 30.113844], [114.988501, 30.11384], [114.988494, 30.113836], [114.988487, 30.113834], [114.98848, 30.113833], [114.988473, 30.113833], [114.988466, 30.113834], [114.988459, 30.113836], [114.988452, 30.11384], [114.988447, 30.113844], [114.988442, 30.113849], [114.988437, 30.113855], [114.985509, 30.119102], [114.977748, 30.128938], [114.977744, 30.128944], [114.974808, 30.134237], [114.965861, 30.114884], [114.965858, 30.114878], [114.965853, 30.114873], [114.965848, 30.114868], [114.965842, 30.114864], [114.9551, 30.108907], [114.955093, 30.108904], [114.955086, 30.108902], [114.955078, 30.108901], [114.955071, 30.108902], [114.955064, 30.108903], [114.955057, 30.108906], [114.955051, 30.108911], [114.955045, 30.108916], [114.947428, 30.117192], [114.947424, 30.117197], [114.94742, 30.117203], [114.947418, 30.117209], [114.947416, 30.117216], [114.947416, 30.117222], [114.947416, 30.125889], [114.947417, 30.125897], [114.947418, 30.125904], [114.947421, 30.125911], [114.947426, 30.125917], [114.947431, 30.125923], [114.947437, 30.125927], [114.962476, 30.135644], [114.962481, 30.135647], [114.962488, 30.135649], [114.962494, 30.135651], [114.9625, 30.135651], [114.991797, 30.135041], [114.991798, 30.135041], [114.991805, 30.13504], [114.991811, 30.135038], [114.991818, 30.135036], [114.991823, 30.135032], [114.991829, 30.135028], [114.991833, 30.135022], [114.991836, 30.135018]]]}}, {"type": "Feature", "properties": {"scalerank": 8, "featurecla": "Urban area", "area_sqkm": 32.859, "min_zoom": 7.6}, "bbox": [115.396342, 30.213882, 115.459225, 30.291706], "geometry": {"type": "Polygon", "coordinates": [[[115.45201, 30.213882], [115.452002, 30.213882], [115.451996, 30.213882], [115.434906, 30.216128], [115.434899, 30.216129], [115.434893, 30.216132], [115.434887, 30.216135], [115.422094, 30.224802], [115.422089, 30.224806], [115.422085, 30.22481], [115.422082, 30.224815], [115.405043, 30.25086], [115.397778, 30.25776], [115.396371, 30.258294], [115.396364, 30.258297], [115.396359, 30.2583], [115.396354, 30.258305], [115.396349, 30.258311], [115.396346, 30.258317], [115.396344, 30.258323], [115.396342, 30.25833], [115.396342, 30.258337], [115.396537, 30.265051], [115.396538, 30.265058], [115.39654, 30.265066], [115.396543, 30.265073], [115.396548, 30.265079], [115.396553, 30.265084], [115.39656, 30.265089], [115.399782, 30.266944], [115.399788, 30.266947], [115.399795, 30.266949], [115.399801, 30.26695], [115.404184, 30.267291], [115.407485, 30.269475], [115.41871, 30.291681], [115.418714, 30.291688], [115.418719, 30.291693], [115.418725, 30.291698], [115.418731, 30.291702], [115.418738, 30.291704], [115.418746, 30.291706], [115.418754, 30.291706], [115.418761, 30.291704], [115.439461, 30.286481], [115.439464, 30.28648], [115.439471, 30.286478], [115.439477, 30.286474], [115.439483, 30.28647], [115.439487, 30.286465], [115.453989, 30.269375], [115.453994, 30.269369], [115.453997, 30.269363], [115.453999, 30.269356], [115.459224, 30.244014], [115.459225, 30.244007], [115.459224, 30.244001], [115.459223, 30.243994], [115.452046, 30.213916], [115.452043, 30.213909], [115.45204, 30.213902], [115.452035, 30.213896], [115.45203, 30.213891], [115.452024, 30.213887], [115.452017, 30.213884], [115.45201, 30.213882]]]}}, {"type": "Feature", "properties": {"scalerank": 5, "featurecla": "Urban area", "area_sqkm": 163.719, "min_zoom": 5}, "bbox": [115.923637, 29.658388, 116.097896, 29.795856], "geometry": {"type": "Polygon", "coordinates": [[[116.0186, 29.791734], [116.0186, 29.780688], [116.027716, 29.783719], [116.038406, 29.789576], [116.038412, 29.789579], [116.038415, 29.78958], [116.053064, 29.793804], [116.053069, 29.793805], [116.053075, 29.793805], [116.05308, 29.793805], [116.074223, 29.791779], [116.074231, 29.791777], [116.074238, 29.791775], [116.074244, 29.791771], [116.07425, 29.791766], [116.074255, 29.79176], [116.074259, 29.791754], [116.074262, 29.791746], [116.074263, 29.791739], [116.074264, 29.791731], [116.073385, 29.778621], [116.073384, 29.778614], [116.073381, 29.778607], [116.073378, 29.7786], [116.073374, 29.778594], [116.073368, 29.778589], [116.065702, 29.772363], [116.065696, 29.772359], [116.065695, 29.772359], [116.056772, 29.767531], [116.051907, 29.75841], [116.059004, 29.745941], [116.069022, 29.749953], [116.081616, 29.758251], [116.081621, 29.758254], [116.081627, 29.758257], [116.081634, 29.758258], [116.08164, 29.758259], [116.096386, 29.758454], [116.096394, 29.758453], [116.096401, 29.758452], [116.096408, 29.758449], [116.096414, 29.758445], [116.09642, 29.75844], [116.096424, 29.758434], [116.096428, 29.758427], [116.09643, 29.75842], [116.096432, 29.758413], [116.097896, 29.741982], [116.097896, 29.741975], [116.097895, 29.741968], [116.097893, 29.741961], [116.09789, 29.741955], [116.097886, 29.741949], [116.09788, 29.741944], [116.088408, 29.734009], [116.088401, 29.734005], [116.088394, 29.734001], [116.063013, 29.725045], [116.005257, 29.666336], [116.005252, 29.666332], [116.005247, 29.666329], [116.005241, 29.666326], [115.985271, 29.658392], [115.985264, 29.658389], [115.985256, 29.658388], [115.985249, 29.658389], [115.969917, 29.660098], [115.969914, 29.660098], [115.969906, 29.6601], [115.949594, 29.667717], [115.949587, 29.667721], [115.94958, 29.667725], [115.933174, 29.681763], [115.933168, 29.681769], [115.933164, 29.681775], [115.933161, 29.681783], [115.933159, 29.68179], [115.929741, 29.70286], [115.92974, 29.702867], [115.929741, 29.702874], [115.929743, 29.702881], [115.929745, 29.702888], [115.931796, 29.706745], [115.9318, 29.706752], [115.935413, 29.711488], [115.935415, 29.71149], [115.93542, 29.711495], [115.939131, 29.714742], [115.939137, 29.714746], [115.939143, 29.714749], [115.93915, 29.714751], [115.939157, 29.714753], [115.939164, 29.714753], [115.939171, 29.714751], [115.939177, 29.714749], [115.94076, 29.714097], [115.93951, 29.72059], [115.93724, 29.722184], [115.934175, 29.722475], [115.934169, 29.722477], [115.934163, 29.722479], [115.934157, 29.722481], [115.929762, 29.725045], [115.929756, 29.725049], [115.929751, 29.725054], [115.929747, 29.72506], [115.929744, 29.725067], [115.92364, 29.739959], [115.923638, 29.739966], [115.923637, 29.739972], [115.923637, 29.739979], [115.923638, 29.739985], [115.923639, 29.739992], [115.923642, 29.739998], [115.951865, 29.791756], [115.951869, 29.791761], [115.951873, 29.791767], [115.951879, 29.791771], [115.951884, 29.791774], [115.951891, 29.791777], [115.951898, 29.791779], [115.951905, 29.791779], [115.951911, 29.791779], [115.966064, 29.789509], [116.004583, 29.795856], [116.004589, 29.795856], [116.004596, 29.795856], [116.004602, 29.795854], [116.018567, 29.791777], [116.018574, 29.791775], [116.01858, 29.791771], [116.018586, 29.791767], [116.018591, 29.791761], [116.018595, 29.791755], [116.018597, 29.791748], [116.018599, 29.791741], [116.0186, 29.791734]]]}}, {"type": "Feature", "properties": {"scalerank": 8, "featurecla": "Urban area", "area_sqkm": 44.773, "min_zoom": 7.6}, "bbox": [113.422611, 29.791616, 113.508053, 29.860309], "geometry": {"type": "Polygon", "coordinates": [[[113.485693, 29.791689], [113.461279, 29.791616], [113.461272, 29.791617], [113.461265, 29.791618], [113.461258, 29.791622], [113.461257, 29.791622], [113.436697, 29.805123], [113.436691, 29.805127], [113.436686, 29.805131], [113.436682, 29.805137], [113.422619, 29.825815], [113.422616, 29.825821], [113.422613, 29.825828], [113.422612, 29.825835], [113.422611, 29.825842], [113.422612, 29.825849], [113.422614, 29.825855], [113.430133, 29.847291], [113.430136, 29.847297], [113.43014, 29.847303], [113.430144, 29.847308], [113.43015, 29.847313], [113.441771, 29.855662], [113.441777, 29.855666], [113.441784, 29.855669], [113.45736, 29.860307], [113.457366, 29.860309], [113.457371, 29.860309], [113.457377, 29.860309], [113.478861, 29.858429], [113.478865, 29.858429], [113.478873, 29.858427], [113.508024, 29.847318], [113.508031, 29.847315], [113.508037, 29.84731], [113.508042, 29.847305], [113.508047, 29.847299], [113.50805, 29.847292], [113.508052, 29.847284], [113.508053, 29.847277], [113.508052, 29.847269], [113.50805, 29.847262], [113.508047, 29.847255], [113.499456, 29.831463], [113.49018, 29.79702], [113.490178, 29.797014], [113.490175, 29.797008], [113.490171, 29.797003], [113.485728, 29.791705], [113.485722, 29.7917], [113.485716, 29.791695], [113.485709, 29.791692], [113.485701, 29.79169], [113.485693, 29.791689]]]}}, {"type": "Feature", "properties": {"scalerank": 8, "featurecla": "Urban area", "area_sqkm": 26.711, "min_zoom": 7.6}, "bbox": [115.518607, 29.836123, 115.590963, 29.891803], "geometry": {"type": "Polygon", "coordinates": [[[115.540914, 29.891759], [115.540914, 29.880658], [115.547544, 29.882182], [115.563138, 29.889004], [115.563041, 29.891757], [115.563041, 29.891764], [115.563043, 29.891772], [115.563046, 29.891778], [115.563049, 29.891785], [115.563054, 29.89179], [115.56306, 29.891795], [115.563066, 29.891799], [115.563073, 29.891802], [115.56308, 29.891803], [115.563088, 29.891803], [115.563095, 29.891803], [115.563102, 29.891801], [115.563109, 29.891797], [115.580785, 29.881324], [115.58079, 29.88132], [115.580795, 29.881315], [115.580799, 29.88131], [115.589784, 29.867687], [115.589787, 29.86768], [115.58979, 29.867673], [115.589791, 29.867665], [115.590963, 29.852113], [115.590963, 29.852107], [115.590962, 29.852101], [115.59096, 29.852095], [115.585345, 29.836152], [115.585342, 29.836146], [115.585338, 29.83614], [115.585334, 29.836135], [115.585328, 29.836131], [115.585322, 29.836127], [115.585316, 29.836125], [115.585309, 29.836123], [115.585302, 29.836123], [115.585295, 29.836123], [115.563957, 29.839737], [115.563951, 29.839738], [115.563946, 29.83974], [115.56394, 29.839743], [115.518628, 29.869504], [115.518622, 29.869508], [115.518617, 29.869513], [115.518613, 29.869519], [115.51861, 29.869526], [115.518608, 29.869532], [115.518607, 29.869539], [115.518608, 29.869546], [115.518609, 29.869553], [115.518611, 29.86956], [115.52115, 29.875443], [115.521152, 29.875448], [115.521155, 29.875452], [115.527601, 29.884119], [115.527602, 29.884121], [115.527606, 29.884126], [115.535126, 29.89101], [115.535131, 29.891015], [115.535137, 29.891018], [115.535144, 29.89102], [115.53515, 29.891022], [115.540863, 29.891803], [115.540871, 29.891803], [115.540878, 29.891803], [115.540886, 29.8918], [115.540893, 29.891797], [115.540899, 29.891792], [115.540904, 29.891787], [115.540908, 29.891781], [115.540912, 29.891774], [115.540913, 29.891766], [115.540914, 29.891759]]]}}, {"type": "Feature", "properties": {"scalerank": 7, "featurecla": "Urban area", "area_sqkm": 77.996, "min_zoom": 7}, "bbox": [114.230521, 29.81122, 114.363326, 29.92154], "geometry": {"type": "Polygon", "coordinates": [[[114.300674, 29.916683], [114.307165, 29.904994], [114.346906, 29.867328], [114.346909, 29.867325], [114.346913, 29.86732], [114.35951, 29.848082], [114.359513, 29.848077], [114.359516, 29.848071], [114.359517, 29.848065], [114.363326, 29.825067], [114.363326, 29.825059], [114.363326, 29.825052], [114.363324, 29.825044], [114.36332, 29.825037], [114.363316, 29.825031], [114.363311, 29.825025], [114.363305, 29.825021], [114.363304, 29.82502], [114.356957, 29.821163], [114.356956, 29.821163], [114.356949, 29.82116], [114.329117, 29.811223], [114.32911, 29.811221], [114.329103, 29.81122], [114.329097, 29.811221], [114.32909, 29.811222], [114.318934, 29.813907], [114.318927, 29.81391], [114.31892, 29.813913], [114.318915, 29.813918], [114.31891, 29.813923], [114.318906, 29.81393], [114.318903, 29.813936], [114.318901, 29.813943], [114.318559, 29.816068], [114.318559, 29.816075], [114.318559, 29.816079], [114.319193, 29.8233], [114.318908, 29.825012], [114.300637, 29.823989], [114.30063, 29.823989], [114.300623, 29.82399], [114.296668, 29.825016], [114.296662, 29.825018], [114.296655, 29.825022], [114.296649, 29.825026], [114.296644, 29.825031], [114.29664, 29.825037], [114.296637, 29.825044], [114.296635, 29.825051], [114.296196, 29.827419], [114.296195, 29.827427], [114.296196, 29.827434], [114.297171, 29.833968], [114.296643, 29.83613], [114.294334, 29.836683], [114.287849, 29.835586], [114.287843, 29.835586], [114.287837, 29.835586], [114.287832, 29.835587], [114.285537, 29.836124], [114.285529, 29.836126], [114.285523, 29.83613], [114.285517, 29.836134], [114.236005, 29.881178], [114.236001, 29.881183], [114.235997, 29.881187], [114.230626, 29.889488], [114.230623, 29.889493], [114.230621, 29.889499], [114.23062, 29.889505], [114.230619, 29.889511], [114.230521, 29.892563], [114.230522, 29.89257], [114.230523, 29.892577], [114.230526, 29.892584], [114.23053, 29.89259], [114.230534, 29.892595], [114.230539, 29.8926], [114.230546, 29.892604], [114.230552, 29.892607], [114.230559, 29.892609], [114.230566, 29.892609], [114.230574, 29.892609], [114.243015, 29.890608], [114.256519, 29.894142], [114.265979, 29.904627], [114.271055, 29.913583], [114.271059, 29.913588], [114.271064, 29.913594], [114.271069, 29.913598], [114.271076, 29.913601], [114.271082, 29.913604], [114.271089, 29.913605], [114.271096, 29.913605], [114.281587, 29.912995], [114.285526, 29.914016], [114.294894, 29.92153], [114.2949, 29.921534], [114.294907, 29.921537], [114.294915, 29.921539], [114.294922, 29.92154], [114.29493, 29.921539], [114.294938, 29.921537], [114.294945, 29.921534], [114.294951, 29.921529], [114.300664, 29.916695], [114.300669, 29.91669], [114.300674, 29.916683]]]}}, {"type": "Feature", "properties": {"scalerank": 8, "featurecla": "Urban area", "area_sqkm": 28.207, "min_zoom": 7.6}, "bbox": [118.284867, 29.688344, 118.36274, 29.747345], "geometry": {"type": "Polygon", "coordinates": [[[118.362735, 29.714004], [118.355362, 29.699502], [118.355359, 29.699496], [118.355355, 29.699492], [118.355351, 29.699487], [118.355346, 29.699484], [118.341332, 29.690939], [118.341327, 29.690936], [118.341321, 29.690934], [118.341315, 29.690933], [118.324323, 29.688345], [118.324316, 29.688344], [118.324308, 29.688345], [118.30712, 29.691714], [118.307113, 29.691716], [118.307107, 29.69172], [118.3071, 29.691724], [118.307095, 29.691729], [118.307091, 29.691735], [118.307087, 29.691741], [118.307085, 29.691748], [118.307084, 29.691756], [118.307084, 29.691763], [118.307085, 29.69177], [118.307088, 29.691777], [118.307759, 29.693262], [118.297546, 29.703256], [118.296008, 29.702824], [118.296001, 29.702822], [118.295993, 29.702822], [118.295986, 29.702823], [118.295979, 29.702825], [118.295972, 29.702829], [118.295966, 29.702833], [118.295961, 29.702839], [118.295957, 29.702845], [118.295954, 29.702852], [118.295952, 29.702859], [118.295073, 29.707986], [118.295072, 29.707994], [118.295073, 29.707999], [118.296439, 29.719762], [118.295953, 29.725057], [118.29344, 29.72658], [118.289248, 29.72753], [118.289243, 29.727532], [118.289238, 29.727534], [118.289233, 29.727536], [118.285474, 29.729978], [118.285468, 29.729982], [118.285463, 29.729987], [118.28546, 29.729992], [118.285457, 29.729998], [118.285454, 29.730005], [118.285453, 29.730011], [118.284867, 29.736237], [118.284867, 29.736244], [118.284869, 29.736252], [118.284871, 29.736259], [118.284875, 29.736266], [118.28488, 29.736272], [118.284885, 29.736277], [118.284892, 29.736281], [118.284899, 29.736284], [118.292801, 29.738674], [118.297069, 29.742118], [118.295952, 29.747291], [118.295951, 29.747298], [118.295951, 29.747306], [118.295953, 29.747313], [118.295956, 29.74732], [118.29596, 29.747327], [118.295965, 29.747333], [118.29597, 29.747337], [118.295977, 29.747341], [118.295984, 29.747344], [118.295991, 29.747345], [118.295999, 29.747345], [118.296006, 29.747344], [118.316416, 29.742657], [118.316422, 29.742655], [118.316428, 29.742652], [118.316433, 29.742649], [118.344749, 29.721095], [118.362712, 29.714066], [118.362718, 29.714063], [118.362725, 29.714058], [118.36273, 29.714053], [118.362734, 29.714047], [118.362737, 29.71404], [118.362739, 29.714033], [118.36274, 29.714026], [118.36274, 29.714018], [118.362738, 29.714011], [118.362735, 29.714004]]]}}, {"type": "Feature", "properties": {"scalerank": 7, "featurecla": "Urban area", "area_sqkm": 36.74, "min_zoom": 7}, "bbox": [113.853373, 29.691714, 113.917232, 29.769611], "geometry": {"type": "Polygon", "coordinates": [[[113.863385, 29.691714], [113.863377, 29.691714], [113.86337, 29.691714], [113.863363, 29.691717], [113.863356, 29.69172], [113.86335, 29.691724], [113.863345, 29.691729], [113.86334, 29.691736], [113.863337, 29.691742], [113.853376, 29.717548], [113.853374, 29.717556], [113.853373, 29.717563], [113.853373, 29.717571], [113.853375, 29.717578], [113.861285, 29.742065], [113.861288, 29.742072], [113.861292, 29.742079], [113.861297, 29.742084], [113.881317, 29.760883], [113.881322, 29.760887], [113.881328, 29.760891], [113.881334, 29.760893], [113.907896, 29.769609], [113.907904, 29.769611], [113.907911, 29.769611], [113.907919, 29.76961], [113.907926, 29.769608], [113.907933, 29.769605], [113.907939, 29.7696], [113.907945, 29.769595], [113.907949, 29.769589], [113.907952, 29.769582], [113.91723, 29.744337], [113.917232, 29.74433], [113.917232, 29.744322], [113.917232, 29.744314], [113.912642, 29.716604], [113.912641, 29.716598], [113.912638, 29.716593], [113.912635, 29.716587], [113.912631, 29.716582], [113.894418, 29.695928], [113.894414, 29.695924], [113.894409, 29.69592], [113.894403, 29.695917], [113.894397, 29.695915], [113.894391, 29.695913], [113.863385, 29.691714]]]}}, {"type": "Feature", "properties": {"scalerank": 5, "featurecla": "Urban area", "area_sqkm": 112.346, "min_zoom": 5}, "bbox": [113.262357, 29.447329, 113.430221, 29.604279], "geometry": {"type": "Polygon", "coordinates": [[[113.374645, 29.569604], [113.381254, 29.568025], [113.407907, 29.569611], [113.407915, 29.569611], [113.407922, 29.56961], [113.407929, 29.569607], [113.41369, 29.566995], [113.413694, 29.566993], [113.413699, 29.56699], [113.423261, 29.559892], [113.430184, 29.558551], [113.430192, 29.558549], [113.430198, 29.558546], [113.430204, 29.558541], [113.43021, 29.558536], [113.430214, 29.55853], [113.430217, 29.558523], [113.43022, 29.558516], [113.430221, 29.558509], [113.43022, 29.558501], [113.430219, 29.558494], [113.422895, 29.533006], [113.422892, 29.532999], [113.422889, 29.532993], [113.422885, 29.532988], [113.42288, 29.532983], [113.422874, 29.532979], [113.401878, 29.521065], [113.401871, 29.521062], [113.401867, 29.521061], [113.375406, 29.513909], [113.35242, 29.502879], [113.332412, 29.481163], [113.319085, 29.447357], [113.319082, 29.447351], [113.319078, 29.447345], [113.319073, 29.44734], [113.319067, 29.447336], [113.319061, 29.447332], [113.319054, 29.44733], [113.319047, 29.447329], [113.31904, 29.447329], [113.319033, 29.44733], [113.319026, 29.447332], [113.275569, 29.464983], [113.275564, 29.464986], [113.275559, 29.464989], [113.275554, 29.464993], [113.27555, 29.464998], [113.262367, 29.482307], [113.262362, 29.482314], [113.26236, 29.482321], [113.262358, 29.482329], [113.262357, 29.482336], [113.263432, 29.514026], [113.263433, 29.514033], [113.263435, 29.514041], [113.263438, 29.514047], [113.263442, 29.514054], [113.263448, 29.514059], [113.263454, 29.514063], [113.263461, 29.514066], [113.263468, 29.514068], [113.263476, 29.514069], [113.285439, 29.514362], [113.330131, 29.536269], [113.330424, 29.558141], [113.330424, 29.558148], [113.330426, 29.558154], [113.330428, 29.55816], [113.352352, 29.602911], [113.352356, 29.602918], [113.352361, 29.602924], [113.352367, 29.602928], [113.352374, 29.602932], [113.352381, 29.602935], [113.352388, 29.602936], [113.367037, 29.604279], [113.367044, 29.604279], [113.367051, 29.604278], [113.367058, 29.604276], [113.367064, 29.604273], [113.36707, 29.604268], [113.367075, 29.604263], [113.367079, 29.604257], [113.367083, 29.604251], [113.371331, 29.593753], [113.371333, 29.593748], [113.371334, 29.593742], [113.371334, 29.593737], [113.371529, 29.579461], [113.374645, 29.569604]]]}}, {"type": "Feature", "properties": {"scalerank": 9, "featurecla": "Urban area", "area_sqkm": 12.657, "min_zoom": 7.7}, "bbox": [113.798295, 29.247329, 113.841207, 29.291901], "geometry": {"type": "Polygon", "coordinates": [[[113.818953, 29.247329], [113.818947, 29.247329], [113.81894, 29.247329], [113.818934, 29.24733], [113.818928, 29.247332], [113.804377, 29.253534], [113.80437, 29.253537], [113.804364, 29.253542], [113.804359, 29.253548], [113.804355, 29.253554], [113.7983, 29.265224], [113.798297, 29.26523], [113.798296, 29.265237], [113.798295, 29.265243], [113.798295, 29.26525], [113.799858, 29.279117], [113.799859, 29.279124], [113.799861, 29.27913], [113.799864, 29.279136], [113.807823, 29.29188], [113.807828, 29.291886], [113.807834, 29.291892], [113.80784, 29.291896], [113.807847, 29.291899], [113.807855, 29.291901], [113.807863, 29.291901], [113.818604, 29.291584], [113.818605, 29.291584], [113.818611, 29.291583], [113.818616, 29.291582], [113.818622, 29.29158], [113.818627, 29.291577], [113.832538, 29.283158], [113.841174, 29.280742], [113.841181, 29.28074], [113.841187, 29.280736], [113.841193, 29.280732], [113.841198, 29.280726], [113.841202, 29.28072], [113.841205, 29.280713], [113.841206, 29.280706], [113.841207, 29.280699], [113.841207, 29.280692], [113.841205, 29.280685], [113.841202, 29.280678], [113.836466, 29.271572], [113.836462, 29.271567], [113.836459, 29.271562], [113.822988, 29.257212], [113.818987, 29.247357], [113.818984, 29.24735], [113.818979, 29.247344], [113.818974, 29.247339], [113.818967, 29.247335], [113.81896, 29.247331], [113.818953, 29.247329]]]}}, {"type": "Feature", "properties": {"scalerank": 7, "featurecla": "Urban area", "area_sqkm": 90.23, "min_zoom": 7}, "bbox": [117.151664, 29.258486, 117.285104, 29.36966], "geometry": {"type": "Polygon", "coordinates": [[[117.276394, 29.298851], [117.230007, 29.264427], [117.230003, 29.264425], [117.229999, 29.264423], [117.219062, 29.259345], [117.219057, 29.259343], [117.219052, 29.259341], [117.219046, 29.259341], [117.20723, 29.258486], [117.207222, 29.258486], [117.207215, 29.258488], [117.207208, 29.25849], [117.207202, 29.258494], [117.207196, 29.258498], [117.203778, 29.261721], [117.203773, 29.261726], [117.20377, 29.261731], [117.203767, 29.261737], [117.196109, 29.280662], [117.19404, 29.281239], [117.18736, 29.280215], [117.187355, 29.280215], [117.18735, 29.280215], [117.187345, 29.280215], [117.185147, 29.280655], [117.185141, 29.280657], [117.185134, 29.28066], [117.185128, 29.280664], [117.185123, 29.280669], [117.185119, 29.280675], [117.185115, 29.280681], [117.185113, 29.280688], [117.184527, 29.282934], [117.184526, 29.28294], [117.184525, 29.282946], [117.184526, 29.282952], [117.185599, 29.289779], [117.185119, 29.291819], [117.156581, 29.298819], [117.156575, 29.298821], [117.156569, 29.298825], [117.156563, 29.298828], [117.15168, 29.302881], [117.151675, 29.302887], [117.15167, 29.302893], [117.151667, 29.302899], [117.151665, 29.302907], [117.151664, 29.302914], [117.151664, 29.302921], [117.151666, 29.302929], [117.151669, 29.302936], [117.162753, 29.325201], [117.162755, 29.325205], [117.173985, 29.34315], [117.173989, 29.343155], [117.173992, 29.343158], [117.18283, 29.351752], [117.182835, 29.351756], [117.182841, 29.35176], [117.196097, 29.358534], [117.195951, 29.369615], [117.195952, 29.369622], [117.195954, 29.36963], [117.195957, 29.369637], [117.195961, 29.369643], [117.195967, 29.369649], [117.195973, 29.369654], [117.19598, 29.369657], [117.195987, 29.369659], [117.195995, 29.36966], [117.196003, 29.369659], [117.227546, 29.364825], [117.227553, 29.364824], [117.227559, 29.364821], [117.238057, 29.359572], [117.238062, 29.359569], [117.238067, 29.359566], [117.251788, 29.347383], [117.251792, 29.347378], [117.251796, 29.347373], [117.251799, 29.347367], [117.254631, 29.340653], [117.254633, 29.340647], [117.254635, 29.34064], [117.254635, 29.340633], [117.254244, 29.333558], [117.255313, 29.327898], [117.285078, 29.314065], [117.285084, 29.314061], [117.285089, 29.314057], [117.285094, 29.314052], [117.285098, 29.314046], [117.285101, 29.31404], [117.285103, 29.314033], [117.285104, 29.314026], [117.285103, 29.314019], [117.285102, 29.314012], [117.282953, 29.306322], [117.282951, 29.306315], [117.282948, 29.306309], [117.282944, 29.306304], [117.276401, 29.298858], [117.276396, 29.298853], [117.276394, 29.298851]]]}}, {"type": "Feature", "properties": {"scalerank": 9, "featurecla": "Urban area", "area_sqkm": 24.826, "min_zoom": 7.7}, "bbox": [118.490873, 28.891836, 118.540768, 28.9586], "geometry": {"type": "Polygon", "coordinates": [[[118.529207, 28.891836], [118.5292, 28.891836], [118.529193, 28.891836], [118.529186, 28.891838], [118.52918, 28.89184], [118.529173, 28.891844], [118.52917, 28.891846], [118.506322, 28.907859], [118.506317, 28.907863], [118.506313, 28.907867], [118.50631, 28.907872], [118.49088, 28.932457], [118.490877, 28.932463], [118.490875, 28.932469], [118.490873, 28.932476], [118.490873, 28.932483], [118.490874, 28.932489], [118.494682, 28.953412], [118.494684, 28.953419], [118.494687, 28.953425], [118.494691, 28.953431], [118.494695, 28.953436], [118.494701, 28.953441], [118.494707, 28.953444], [118.494713, 28.953447], [118.49472, 28.953449], [118.529193, 28.9586], [118.5292, 28.9586], [118.529208, 28.9586], [118.529215, 28.958598], [118.529222, 28.958594], [118.529228, 28.95859], [118.529233, 28.958585], [118.529238, 28.958578], [118.537832, 28.944174], [118.537835, 28.944166], [118.537837, 28.944158], [118.540767, 28.925237], [118.540768, 28.92523], [118.540767, 28.925223], [118.537837, 28.906302], [118.537835, 28.906294], [118.537832, 28.906287], [118.529238, 28.891858], [118.529233, 28.891852], [118.529228, 28.891846], [118.529222, 28.891842], [118.529215, 28.891838], [118.529207, 28.891836]]]}}, {"type": "Feature", "properties": {"scalerank": 8, "featurecla": "Urban area", "area_sqkm": 46.74, "min_zoom": 7.6}, "bbox": [117.107377, 28.936294, 117.185201, 29.020221], "geometry": {"type": "Polygon", "coordinates": [[[117.174031, 28.936294], [117.174023, 28.936294], [117.17402, 28.936294], [117.119333, 28.940078], [117.119326, 28.940079], [117.119319, 28.940081], [117.119312, 28.940084], [117.107398, 28.947384], [117.107392, 28.947389], [117.107387, 28.947394], [117.107383, 28.947401], [117.107379, 28.947408], [117.107378, 28.947415], [117.107377, 28.947423], [117.107377, 28.969664], [117.107378, 28.969671], [117.107379, 28.969678], [117.107382, 28.969685], [117.124814, 29.002522], [117.124818, 29.002528], [117.124822, 29.002533], [117.142888, 29.020209], [117.142894, 29.020213], [117.1429, 29.020217], [117.142906, 29.020219], [117.142913, 29.020221], [117.14292, 29.020221], [117.142926, 29.020221], [117.142933, 29.020219], [117.162806, 29.01414], [117.162813, 29.014138], [117.162819, 29.014134], [117.162825, 29.014129], [117.16283, 29.014124], [117.162833, 29.014117], [117.162836, 29.01411], [117.162838, 29.014103], [117.163131, 29.011882], [117.163131, 29.011876], [117.163131, 29.011871], [117.16235, 29.004994], [117.162832, 29.00302], [117.185172, 28.991923], [117.185176, 28.991921], [117.185182, 28.991917], [117.185188, 28.991912], [117.185193, 28.991907], [117.185196, 28.991901], [117.185199, 28.991894], [117.185201, 28.991887], [117.185201, 28.99188], [117.185201, 28.991873], [117.18398, 28.984598], [117.183978, 28.984591], [117.183975, 28.984584], [117.183972, 28.984578], [117.183967, 28.984573], [117.183961, 28.984568], [117.162846, 28.969646], [117.164788, 28.963456], [117.174599, 28.946469], [117.174602, 28.946463], [117.174604, 28.946457], [117.174605, 28.94645], [117.174605, 28.946444], [117.174068, 28.936336], [117.174067, 28.936329], [117.174065, 28.936322], [117.174062, 28.936315], [117.174057, 28.936309], [117.174052, 28.936304], [117.174045, 28.936299], [117.174039, 28.936296], [117.174031, 28.936294]]]}}, {"type": "Feature", "properties": {"scalerank": 8, "featurecla": "Urban area", "area_sqkm": 41.825, "min_zoom": 7.6}, "bbox": [117.684867, 29.002944, 117.775924, 29.080842], "geometry": {"type": "Polygon", "coordinates": [[[117.709686, 29.072342], [117.718168, 29.069685], [117.732899, 29.071856], [117.746762, 29.076859], [117.74677, 29.076861], [117.746773, 29.076862], [117.760249, 29.078229], [117.760257, 29.078229], [117.760264, 29.078228], [117.760271, 29.078226], [117.760278, 29.078222], [117.773852, 29.069677], [117.773858, 29.069673], [117.773863, 29.069667], [117.773867, 29.069661], [117.773871, 29.069654], [117.773872, 29.069647], [117.775923, 29.05744], [117.775924, 29.057433], [117.775923, 29.057425], [117.775922, 29.057418], [117.775919, 29.057411], [117.775915, 29.057405], [117.77591, 29.0574], [117.775904, 29.057395], [117.768336, 29.052268], [117.768331, 29.052265], [117.768325, 29.052263], [117.768319, 29.052261], [117.758022, 29.050285], [117.7517, 29.047367], [117.749948, 29.037094], [117.752828, 29.013615], [117.752828, 29.013609], [117.752828, 29.013604], [117.751705, 29.002984], [117.751703, 29.002977], [117.751701, 29.00297], [117.751697, 29.002963], [117.751692, 29.002957], [117.751686, 29.002952], [117.751679, 29.002948], [117.751672, 29.002946], [117.751665, 29.002944], [117.751657, 29.002944], [117.735251, 29.004092], [117.735244, 29.004093], [117.735238, 29.004094], [117.735232, 29.004097], [117.735227, 29.0041], [117.723606, 29.012767], [117.7236, 29.012772], [117.723595, 29.012778], [117.704845, 29.040855], [117.704842, 29.04086], [117.70484, 29.040866], [117.704839, 29.040872], [117.704255, 29.044204], [117.702321, 29.046331], [117.696135, 29.047354], [117.696127, 29.047356], [117.696121, 29.047359], [117.689047, 29.05114], [117.689041, 29.051143], [117.689036, 29.051146], [117.68903, 29.051151], [117.689026, 29.051156], [117.689022, 29.051162], [117.68902, 29.051168], [117.689018, 29.051174], [117.686237, 29.059738], [117.686235, 29.059744], [117.686234, 29.059749], [117.684867, 29.080794], [117.684867, 29.080801], [117.684869, 29.080809], [117.684871, 29.080816], [117.684875, 29.080822], [117.68488, 29.080828], [117.684886, 29.080833], [117.684892, 29.080837], [117.684899, 29.08084], [117.684907, 29.080841], [117.684914, 29.080842], [117.695803, 29.080353], [117.69581, 29.080352], [117.695817, 29.08035], [117.695823, 29.080347], [117.709686, 29.072342]]]}}, {"type": "Feature", "properties": {"scalerank": 7, "featurecla": "Urban area", "area_sqkm": 57.607, "min_zoom": 7}, "bbox": [117.927885, 28.424453, 118.018307, 28.503132], "geometry": {"type": "Polygon", "coordinates": [[[117.996039, 28.492003], [118.015504, 28.478294], [118.01551, 28.47829], [118.015515, 28.478284], [118.015518, 28.478278], [118.015521, 28.478271], [118.018304, 28.469727], [118.018306, 28.469721], [118.018307, 28.469715], [118.018307, 28.469709], [118.018306, 28.469703], [118.013081, 28.446192], [118.013079, 28.446186], [118.013076, 28.44618], [118.013072, 28.446174], [118.013068, 28.446169], [117.995246, 28.429445], [117.995241, 28.429441], [117.995235, 28.429438], [117.995229, 28.429436], [117.995223, 28.429434], [117.966902, 28.424454], [117.966895, 28.424453], [117.966888, 28.424453], [117.966881, 28.424455], [117.966879, 28.424456], [117.929381, 28.436393], [117.929374, 28.436396], [117.929367, 28.4364], [117.929362, 28.436406], [117.929357, 28.436412], [117.929353, 28.436418], [117.929351, 28.436426], [117.92935, 28.436433], [117.927885, 28.457136], [117.927885, 28.457139], [117.927885, 28.457148], [117.930815, 28.472163], [117.930817, 28.472169], [117.930819, 28.472174], [117.930823, 28.47218], [117.938537, 28.483215], [117.938541, 28.483219], [117.938545, 28.483223], [117.938549, 28.483227], [117.951635, 28.492016], [117.951641, 28.492019], [117.951648, 28.492022], [117.951655, 28.492023], [117.954097, 28.492292], [117.954102, 28.492292], [117.954108, 28.492291], [117.960446, 28.491438], [117.962557, 28.492014], [117.962845, 28.494055], [117.962357, 28.501375], [117.962357, 28.501378], [117.962358, 28.501383], [117.962553, 28.503092], [117.962554, 28.503099], [117.962557, 28.503106], [117.962561, 28.503112], [117.962565, 28.503118], [117.962571, 28.503123], [117.962577, 28.503126], [117.962583, 28.503129], [117.96259, 28.503131], [117.962598, 28.503132], [117.995996, 28.503132], [117.996004, 28.503131], [117.996011, 28.503129], [117.996018, 28.503126], [117.996024, 28.503122], [117.996029, 28.503117], [117.996034, 28.503111], [117.996037, 28.503104], [117.99604, 28.503097], [117.996479, 28.501291], [117.99648, 28.501283], [117.99648, 28.501276], [117.995846, 28.494078], [117.996039, 28.492003]]]}}, {"type": "Feature", "properties": {"scalerank": 9, "featurecla": "Urban area", "area_sqkm": 19.597, "min_zoom": 7.7}, "bbox": [118.195951, 28.658559, 118.262643, 28.703278], "geometry": {"type": "Polygon", "coordinates": [[[118.262605, 28.65856], [118.262598, 28.658559], [118.262591, 28.65856], [118.262583, 28.658562], [118.195982, 28.680778], [118.195975, 28.680781], [118.195968, 28.680786], [118.195963, 28.680791], [118.195958, 28.680797], [118.195954, 28.680804], [118.195952, 28.680812], [118.195951, 28.680819], [118.195952, 28.680827], [118.195953, 28.680835], [118.195956, 28.680842], [118.19596, 28.680848], [118.210999, 28.700453], [118.211004, 28.700458], [118.21101, 28.700463], [118.211016, 28.700466], [118.211023, 28.700469], [118.211031, 28.70047], [118.238277, 28.703278], [118.238284, 28.703278], [118.238291, 28.703277], [118.238298, 28.703275], [118.238305, 28.703271], [118.261106, 28.689307], [118.261107, 28.689307], [118.261113, 28.689302], [118.261118, 28.689297], [118.261123, 28.689291], [118.261126, 28.689285], [118.261128, 28.689278], [118.261129, 28.689271], [118.261129, 28.689268], [118.262643, 28.658606], [118.262642, 28.658599], [118.262641, 28.658592], [118.262638, 28.658585], [118.262635, 28.658579], [118.26263, 28.658573], [118.262625, 28.658569], [118.262619, 28.658565], [118.262612, 28.658562], [118.262605, 28.65856]]]}}, {"type": "Feature", "properties": {"scalerank": 3, "featurecla": "Urban area", "area_sqkm": 301.206, "min_zoom": 3.7}, "bbox": [115.789115, 28.558584, 116.0186, 28.780866], "geometry": {"type": "Polygon", "coordinates": [[[116.009649, 28.6407], [115.998912, 28.631012], [115.998907, 28.631007], [115.998903, 28.631004], [115.998899, 28.631001], [115.998894, 28.630999], [115.998892, 28.630998], [115.985271, 28.625238], [115.985265, 28.625235], [115.985258, 28.625234], [115.985251, 28.625234], [115.968118, 28.626162], [115.963104, 28.625237], [115.93948, 28.607494], [115.939476, 28.607491], [115.939472, 28.607489], [115.929834, 28.60306], [115.93188, 28.586425], [115.936319, 28.577765], [115.936322, 28.57776], [115.936324, 28.577752], [115.937447, 28.570623], [115.937447, 28.570616], [115.937447, 28.57061], [115.937446, 28.570604], [115.937443, 28.570598], [115.93744, 28.570592], [115.929823, 28.558605], [115.929818, 28.558598], [115.929813, 28.558593], [115.929807, 28.558589], [115.9298, 28.558586], [115.929792, 28.558584], [115.929785, 28.558584], [115.929777, 28.558584], [115.92977, 28.558586], [115.929763, 28.55859], [115.929756, 28.558594], [115.926148, 28.561593], [115.907453, 28.569647], [115.907446, 28.56965], [115.90744, 28.569655], [115.907435, 28.569661], [115.907431, 28.569667], [115.907428, 28.569674], [115.907426, 28.569681], [115.907426, 28.569689], [115.907427, 28.569696], [115.908452, 28.574873], [115.908454, 28.57488], [115.908457, 28.574886], [115.908461, 28.574892], [115.911928, 28.579311], [115.911933, 28.579316], [115.911939, 28.579321], [115.915845, 28.581811], [115.915851, 28.581814], [115.915857, 28.581817], [115.915864, 28.581818], [115.915871, 28.581818], [115.915877, 28.581817], [115.915884, 28.581816], [115.918443, 28.580931], [115.896357, 28.614133], [115.884074, 28.618642], [115.854199, 28.618667], [115.854192, 28.618667], [115.854186, 28.618669], [115.854179, 28.618671], [115.8408, 28.625239], [115.840795, 28.625242], [115.840789, 28.625246], [115.840785, 28.625251], [115.840781, 28.625257], [115.840778, 28.625263], [115.840776, 28.625269], [115.840288, 28.627491], [115.840287, 28.627496], [115.840287, 28.627502], [115.840288, 28.627507], [115.841263, 28.63414], [115.840782, 28.63635], [115.838573, 28.636854], [115.831843, 28.635806], [115.831837, 28.635805], [115.831831, 28.635806], [115.831825, 28.635807], [115.829774, 28.636344], [115.829767, 28.636346], [115.829761, 28.63635], [115.829755, 28.636354], [115.82975, 28.63636], [115.792201, 28.683991], [115.792197, 28.683997], [115.792195, 28.684002], [115.792193, 28.684008], [115.792192, 28.684014], [115.789115, 28.712677], [115.789115, 28.712683], [115.789116, 28.71269], [115.789118, 28.712696], [115.78912, 28.712702], [115.807431, 28.747492], [115.807435, 28.747498], [115.807439, 28.747503], [115.807444, 28.747508], [115.812327, 28.751072], [115.812331, 28.751075], [115.812338, 28.751078], [115.824541, 28.755349], [115.829754, 28.758638], [115.845764, 28.78053], [115.845769, 28.780535], [115.845774, 28.78054], [115.845779, 28.780543], [115.845785, 28.780546], [115.845792, 28.780548], [115.845798, 28.780549], [115.851951, 28.780866], [115.851958, 28.780866], [115.851965, 28.780864], [115.851972, 28.780862], [115.851978, 28.780858], [115.851984, 28.780854], [115.851989, 28.780848], [115.851993, 28.780842], [115.851996, 28.780835], [115.851998, 28.780828], [115.851998, 28.780821], [115.851998, 28.76973], [115.915384, 28.764972], [115.915389, 28.764972], [115.915394, 28.764971], [115.941615, 28.757036], [115.941621, 28.757033], [115.941627, 28.75703], [115.941632, 28.757026], [115.966427, 28.733915], [115.969929, 28.733356], [115.969935, 28.733354], [115.969941, 28.733352], [115.969946, 28.733349], [115.972681, 28.731591], [115.972687, 28.731587], [115.972692, 28.731581], [115.972696, 28.731574], [115.972699, 28.731567], [115.980703, 28.706507], [116.008525, 28.683614], [116.008531, 28.683609], [116.008532, 28.683606], [116.018591, 28.669763], [116.018595, 28.669758], [116.018597, 28.669751], [116.018599, 28.669745], [116.0186, 28.669738], [116.018599, 28.669731], [116.0165, 28.653789], [116.016499, 28.653784], [116.016497, 28.653779], [116.016495, 28.653774], [116.009659, 28.640712], [116.009656, 28.640708], [116.009653, 28.640704], [116.009649, 28.6407]]]}}, {"type": "Feature", "properties": {"scalerank": 8, "featurecla": "Urban area", "area_sqkm": 44.02, "min_zoom": 7.6}, "bbox": [118.573686, 28.723989, 118.673629, 28.781208], "geometry": {"type": "Polygon", "coordinates": [[[118.611092, 28.72399], [118.611084, 28.723989], [118.611082, 28.723989], [118.573729, 28.725234], [118.573722, 28.725235], [118.573714, 28.725237], [118.573708, 28.72524], [118.573701, 28.725245], [118.573696, 28.72525], [118.573692, 28.725256], [118.573688, 28.725263], [118.573686, 28.72527], [118.573686, 28.725278], [118.573686, 28.725285], [118.578569, 28.760808], [118.57857, 28.760815], [118.578573, 28.760822], [118.578577, 28.760828], [118.578582, 28.760834], [118.578588, 28.760839], [118.605444, 28.778783], [118.605451, 28.778787], [118.605458, 28.77879], [118.605466, 28.778791], [118.641599, 28.781208], [118.641605, 28.781208], [118.641611, 28.781207], [118.641617, 28.781205], [118.673599, 28.769731], [118.673606, 28.769727], [118.673612, 28.769723], [118.673617, 28.769718], [118.673622, 28.769713], [118.673625, 28.769706], [118.673628, 28.769699], [118.673629, 28.769692], [118.673629, 28.769685], [118.673628, 28.769678], [118.673625, 28.769671], [118.673622, 28.769664], [118.659804, 28.747472], [118.659801, 28.747468], [118.659797, 28.747464], [118.659793, 28.74746], [118.639433, 28.731836], [118.639432, 28.731835], [118.639427, 28.731832], [118.639422, 28.731829], [118.639416, 28.731828], [118.639412, 28.731826], [118.611096, 28.723991], [118.611092, 28.72399]]]}}, {"type": "Feature", "properties": {"scalerank": 7, "featurecla": "Urban area", "area_sqkm": 86.789, "min_zoom": 7}, "bbox": [115.652006, 28.16979, 115.807516, 28.258332], "geometry": {"type": "Polygon", "coordinates": [[[115.74095, 28.225421], [115.763901, 28.224641], [115.788253, 28.244723], [115.788258, 28.244726], [115.788263, 28.244729], [115.788269, 28.244731], [115.788275, 28.244733], [115.807464, 28.247638], [115.807471, 28.247638], [115.807478, 28.247638], [115.807485, 28.247636], [115.807492, 28.247633], [115.807498, 28.247629], [115.807503, 28.247624], [115.807508, 28.247619], [115.807511, 28.247613], [115.807514, 28.247606], [115.807515, 28.247599], [115.807516, 28.247591], [115.804635, 28.183822], [115.804634, 28.183815], [115.804632, 28.183808], [115.804629, 28.183801], [115.796523, 28.169812], [115.796519, 28.169806], [115.796514, 28.169801], [115.796509, 28.169797], [115.796502, 28.169794], [115.796496, 28.169791], [115.796489, 28.16979], [115.796482, 28.16979], [115.796475, 28.169791], [115.796468, 28.169793], [115.796462, 28.169796], [115.785628, 28.17409], [115.785622, 28.174093], [115.785619, 28.174094], [115.766679, 28.186957], [115.751945, 28.192007], [115.684275, 28.195425], [115.68427, 28.195425], [115.684265, 28.195426], [115.68426, 28.195428], [115.659894, 28.205926], [115.659888, 28.205929], [115.659883, 28.205933], [115.659878, 28.205938], [115.659874, 28.205944], [115.659871, 28.20595], [115.659869, 28.205956], [115.652007, 28.236425], [115.652006, 28.236432], [115.652006, 28.23644], [115.652007, 28.236447], [115.652009, 28.236454], [115.652013, 28.23646], [115.652017, 28.236466], [115.652022, 28.236471], [115.652028, 28.236475], [115.674392, 28.249341], [115.674399, 28.249345], [115.674401, 28.249346], [115.704772, 28.25833], [115.704779, 28.258331], [115.704786, 28.258332], [115.704793, 28.258331], [115.73077, 28.253644], [115.730777, 28.253642], [115.730784, 28.253638], [115.730791, 28.253634], [115.730796, 28.253628], [115.730801, 28.253622], [115.730804, 28.253615], [115.74095, 28.225421]]]}}, {"type": "Feature", "properties": {"scalerank": 8, "featurecla": "Urban area", "area_sqkm": 30.632, "min_zoom": 7.6}, "bbox": [116.57393, 28.227114, 116.663033, 28.280964], "geometry": {"type": "Polygon", "coordinates": [[[116.60157, 28.227115], [116.601563, 28.227114], [116.601555, 28.227115], [116.601548, 28.227116], [116.57396, 28.236394], [116.573953, 28.236397], [116.573947, 28.236401], [116.573941, 28.236406], [116.573937, 28.236412], [116.573933, 28.236419], [116.573931, 28.236426], [116.57393, 28.236434], [116.57393, 28.236442], [116.573932, 28.236449], [116.581695, 28.262035], [116.581698, 28.262042], [116.581701, 28.262048], [116.581706, 28.262053], [116.581711, 28.262058], [116.581717, 28.262062], [116.581723, 28.262065], [116.606528, 28.270658], [116.606535, 28.27066], [116.606539, 28.270661], [116.637394, 28.273297], [116.662975, 28.280962], [116.662983, 28.280963], [116.66299, 28.280964], [116.662998, 28.280963], [116.663005, 28.28096], [116.663012, 28.280957], [116.663018, 28.280952], [116.663023, 28.280947], [116.663028, 28.28094], [116.663031, 28.280933], [116.663033, 28.280926], [116.663033, 28.280918], [116.663033, 28.280911], [116.663031, 28.280904], [116.65307, 28.253096], [116.653067, 28.25309], [116.653064, 28.253085], [116.653061, 28.253081], [116.653056, 28.253077], [116.630254, 28.233912], [116.630248, 28.233908], [116.630242, 28.233904], [116.630235, 28.233902], [116.630232, 28.233902], [116.601573, 28.227115], [116.60157, 28.227115]]]}}, {"type": "Feature", "properties": {"scalerank": 8, "featurecla": "Urban area", "area_sqkm": 48.132, "min_zoom": 7.6}, "bbox": [117.00601, 28.214223, 117.096139, 28.294025], "geometry": {"type": "Polygon", "coordinates": [[[117.018367, 28.214224], [117.01836, 28.214223], [117.018353, 28.214224], [117.018346, 28.214225], [117.01834, 28.214228], [117.018333, 28.214232], [117.018328, 28.214236], [117.018323, 28.214241], [117.01832, 28.214247], [117.018317, 28.214254], [117.006012, 28.250899], [117.00601, 28.250907], [117.00601, 28.250915], [117.006011, 28.250922], [117.006013, 28.25093], [117.006016, 28.250937], [117.024083, 28.280771], [117.024087, 28.280777], [117.024092, 28.280782], [117.024098, 28.280787], [117.024105, 28.28079], [117.058822, 28.294022], [117.05883, 28.294024], [117.058837, 28.294025], [117.058845, 28.294025], [117.058853, 28.294023], [117.096109, 28.280961], [117.096116, 28.280958], [117.096122, 28.280954], [117.096127, 28.280949], [117.096132, 28.280943], [117.096135, 28.280936], [117.096138, 28.280929], [117.096139, 28.280921], [117.096138, 28.280914], [117.096137, 28.280906], [117.096134, 28.280899], [117.096133, 28.280896], [117.084513, 28.25651], [117.084512, 28.256507], [117.084508, 28.256502], [117.068786, 28.236116], [117.068781, 28.236111], [117.068775, 28.236106], [117.047242, 28.221506], [117.047235, 28.221503], [117.047228, 28.2215], [117.01837, 28.214225], [117.018367, 28.214224]]]}}, {"type": "Feature", "properties": {"scalerank": 7, "featurecla": "Urban area", "area_sqkm": 90.942, "min_zoom": 7}, "bbox": [117.184428, 28.269717, 117.285103, 28.381574], "geometry": {"type": "Polygon", "coordinates": [[[117.238037, 28.272231], [117.20723, 28.269717], [117.207223, 28.269717], [117.207215, 28.269718], [117.207208, 28.26972], [117.207202, 28.269724], [117.207196, 28.269729], [117.207191, 28.269734], [117.207187, 28.26974], [117.207184, 28.269747], [117.207182, 28.269754], [117.207182, 28.269762], [117.207182, 28.269769], [117.207184, 28.269777], [117.207187, 28.269783], [117.207191, 28.26979], [117.208336, 28.27122], [117.197925, 28.280026], [117.196123, 28.280878], [117.196118, 28.280881], [117.196113, 28.280885], [117.196108, 28.28089], [117.188784, 28.289801], [117.188779, 28.289807], [117.188776, 28.289815], [117.18443, 28.302584], [117.184429, 28.30259], [117.184428, 28.302596], [117.184428, 28.302602], [117.18599, 28.321157], [117.185991, 28.321161], [117.185993, 28.321169], [117.196101, 28.347585], [117.196103, 28.347591], [117.196106, 28.347596], [117.19611, 28.3476], [117.196115, 28.347604], [117.199044, 28.349924], [117.19905, 28.349928], [117.199057, 28.349931], [117.199064, 28.349933], [117.202523, 28.350615], [117.205722, 28.352554], [117.207183, 28.358688], [117.207184, 28.358693], [117.207186, 28.358697], [117.214608, 28.373785], [117.214611, 28.373791], [117.214615, 28.373796], [117.21462, 28.3738], [117.214625, 28.373804], [117.21463, 28.373807], [117.232257, 28.38157], [117.232264, 28.381572], [117.23227, 28.381574], [117.232277, 28.381574], [117.256838, 28.380695], [117.256844, 28.380694], [117.256852, 28.380692], [117.285075, 28.369828], [117.285081, 28.369825], [117.285087, 28.369821], [117.285092, 28.369816], [117.285097, 28.36981], [117.2851, 28.369803], [117.285102, 28.369797], [117.285103, 28.369789], [117.285103, 28.369782], [117.281392, 28.324079], [117.281392, 28.324073], [117.28139, 28.324067], [117.281388, 28.324062], [117.2642, 28.290981], [117.264196, 28.290975], [117.264192, 28.29097], [117.264186, 28.290965], [117.238066, 28.272242], [117.238063, 28.27224], [117.238058, 28.272236], [117.238053, 28.272234], [117.238047, 28.272232], [117.238041, 28.272231], [117.238037, 28.272231]]]}}, {"type": "Feature", "properties": {"scalerank": 9, "featurecla": "Urban area", "area_sqkm": 17.318, "min_zoom": 7.7}, "bbox": [117.418266, 28.408071, 117.473922, 28.448639], "geometry": {"type": "Polygon", "coordinates": [[[117.44532, 28.408072], [117.445313, 28.408071], [117.445307, 28.408071], [117.425092, 28.410659], [117.425085, 28.410661], [117.425077, 28.410664], [117.425071, 28.410668], [117.425065, 28.410673], [117.42506, 28.410679], [117.425057, 28.410685], [117.425054, 28.410692], [117.418267, 28.436425], [117.418266, 28.436432], [117.418266, 28.436439], [117.418267, 28.436447], [117.418269, 28.436453], [117.418272, 28.43646], [117.418277, 28.436466], [117.418282, 28.436471], [117.418288, 28.436475], [117.428786, 28.442603], [117.428793, 28.442606], [117.428794, 28.442607], [117.441245, 28.446806], [117.441252, 28.446808], [117.441254, 28.446808], [117.456245, 28.448639], [117.45625, 28.448639], [117.456253, 28.448639], [117.47388, 28.447541], [117.473887, 28.44754], [117.473894, 28.447537], [117.473901, 28.447534], [117.473907, 28.44753], [117.473912, 28.447524], [117.473916, 28.447518], [117.473919, 28.447511], [117.473921, 28.447504], [117.473922, 28.447497], [117.473921, 28.447489], [117.47392, 28.447482], [117.465962, 28.422512], [117.465961, 28.422507], [117.465958, 28.4225], [117.465954, 28.422494], [117.465949, 28.422488], [117.465944, 28.422483], [117.46594, 28.422481], [117.445338, 28.408079], [117.445333, 28.408076], [117.445327, 28.408073], [117.44532, 28.408072]]]}}, {"type": "Feature", "properties": {"scalerank": 8, "featurecla": "Urban area", "area_sqkm": 66.285, "min_zoom": 7.6}, "bbox": [115.896342, 28.39269, 115.985299, 28.492023], "geometry": {"type": "Polygon", "coordinates": [[[115.985298, 28.469702], [115.984273, 28.465603], [115.984272, 28.4656], [115.984271, 28.465596], [115.984269, 28.465591], [115.984266, 28.465587], [115.984263, 28.465582], [115.976456, 28.453286], [115.974167, 28.447491], [115.975337, 28.440184], [115.978654, 28.43172], [115.982546, 28.425639], [115.985258, 28.425373], [115.985266, 28.425371], [115.985273, 28.425369], [115.98528, 28.425365], [115.985286, 28.42536], [115.98529, 28.425354], [115.985294, 28.425347], [115.985297, 28.42534], [115.985299, 28.425333], [115.985299, 28.425325], [115.985298, 28.425318], [115.985295, 28.42531], [115.985292, 28.425304], [115.97035, 28.402061], [115.970347, 28.402057], [115.970343, 28.402052], [115.970338, 28.402049], [115.970333, 28.402046], [115.951876, 28.392695], [115.95187, 28.392693], [115.951865, 28.392691], [115.951859, 28.39269], [115.951853, 28.39269], [115.927927, 28.394033], [115.927922, 28.394034], [115.927917, 28.394035], [115.896374, 28.403068], [115.896368, 28.40307], [115.896361, 28.403074], [115.896356, 28.403079], [115.896351, 28.403084], [115.896347, 28.40309], [115.896344, 28.403097], [115.896342, 28.403104], [115.896342, 28.403111], [115.896342, 28.425328], [115.896342, 28.425335], [115.896344, 28.425341], [115.896346, 28.425347], [115.898885, 28.430669], [115.898889, 28.430676], [115.898894, 28.430682], [115.8989, 28.430687], [115.902318, 28.43308], [115.902321, 28.433082], [115.902327, 28.433084], [115.905491, 28.434399], [115.907427, 28.436456], [115.907865, 28.441636], [115.906401, 28.453838], [115.9064, 28.453846], [115.906401, 28.453853], [115.907427, 28.458662], [115.907429, 28.458669], [115.907432, 28.458676], [115.907436, 28.458682], [115.907441, 28.458687], [115.907447, 28.458691], [115.907453, 28.458695], [115.90746, 28.458697], [115.909511, 28.459185], [115.909517, 28.459186], [115.909522, 28.459186], [115.909528, 28.459186], [115.916356, 28.458235], [115.918518, 28.458691], [115.919095, 28.460877], [115.917924, 28.467459], [115.917924, 28.467465], [115.917924, 28.467472], [115.917925, 28.467478], [115.918511, 28.469724], [115.918513, 28.46973], [115.918517, 28.469737], [115.918521, 28.469742], [115.918526, 28.469747], [115.918531, 28.469751], [115.918537, 28.469754], [115.918544, 28.469756], [115.92079, 28.470318], [115.920796, 28.470319], [115.920802, 28.470319], [115.920808, 28.470319], [115.92744, 28.469221], [115.929745, 28.469749], [115.930033, 28.471959], [115.929155, 28.478813], [115.929154, 28.478819], [115.929155, 28.478825], [115.929156, 28.478831], [115.929742, 28.480882], [115.929745, 28.480889], [115.929748, 28.480896], [115.929753, 28.480902], [115.929759, 28.480907], [115.929766, 28.48091], [115.929773, 28.480913], [115.936706, 28.482891], [115.936711, 28.482892], [115.936717, 28.482892], [115.944329, 28.483112], [115.950255, 28.484934], [115.95186, 28.491988], [115.951863, 28.491995], [115.951866, 28.492002], [115.951871, 28.492008], [115.951876, 28.492014], [115.951883, 28.492018], [115.95189, 28.492021], [115.951897, 28.492023], [115.951905, 28.492023], [115.951912, 28.492023], [115.95192, 28.492021], [115.951927, 28.492017], [115.951933, 28.492013], [115.958765, 28.486401], [115.979513, 28.475368], [115.979519, 28.475364], [115.979524, 28.47536], [115.985285, 28.469745], [115.98529, 28.469739], [115.985294, 28.469732], [115.985297, 28.469725], [115.985299, 28.469717], [115.985299, 28.469709], [115.985298, 28.469702]]]}}, {"type": "Feature", "properties": {"scalerank": 9, "featurecla": "Urban area", "area_sqkm": 23.126, "min_zoom": 7.7}, "bbox": [113.596635, 28.136416, 113.664791, 28.180939], "geometry": {"type": "Polygon", "coordinates": [[[113.658331, 28.152956], [113.652374, 28.147536], [113.652369, 28.147532], [113.652364, 28.147529], [113.652358, 28.147526], [113.652351, 28.147525], [113.64991, 28.14711], [113.649902, 28.147109], [113.649896, 28.14711], [113.643557, 28.148085], [113.641349, 28.147533], [113.641061, 28.145541], [113.6415, 28.138172], [113.6415, 28.138166], [113.641353, 28.136457], [113.641352, 28.136449], [113.64135, 28.136442], [113.641346, 28.136436], [113.641341, 28.13643], [113.641336, 28.136425], [113.641329, 28.136421], [113.641322, 28.136418], [113.641315, 28.136416], [113.641307, 28.136416], [113.626366, 28.136831], [113.62636, 28.136831], [113.626354, 28.136833], [113.626348, 28.136835], [113.626342, 28.136838], [113.626337, 28.136842], [113.608373, 28.152951], [113.59666, 28.158637], [113.596653, 28.158641], [113.596648, 28.158646], [113.596643, 28.158652], [113.596639, 28.158658], [113.596636, 28.158666], [113.596635, 28.158673], [113.596635, 28.158681], [113.596636, 28.158688], [113.596639, 28.158696], [113.603475, 28.17415], [113.603478, 28.174156], [113.603482, 28.174162], [113.603487, 28.174166], [113.603493, 28.17417], [113.603499, 28.174173], [113.619515, 28.180399], [113.61952, 28.180401], [113.619525, 28.180402], [113.619531, 28.180402], [113.663476, 28.180939], [113.663484, 28.180939], [113.663491, 28.180937], [113.663498, 28.180934], [113.663504, 28.18093], [113.663509, 28.180925], [113.663514, 28.180919], [113.663517, 28.180913], [113.66352, 28.180906], [113.663521, 28.180899], [113.664791, 28.168399], [113.664791, 28.168392], [113.66479, 28.168385], [113.662837, 28.159474], [113.662835, 28.159468], [113.662833, 28.159463], [113.66283, 28.159458], [113.658338, 28.152963], [113.658335, 28.15296], [113.658331, 28.152956]]]}}, {"type": "Feature", "properties": {"scalerank": 9, "featurecla": "Urban area", "area_sqkm": 23.726, "min_zoom": 7.7}, "bbox": [117.734672, 28.192007, 117.786178, 28.256061], "geometry": {"type": "Polygon", "coordinates": [[[117.751668, 28.192007], [117.751661, 28.192007], [117.751654, 28.192007], [117.751647, 28.192009], [117.75164, 28.192011], [117.751634, 28.192015], [117.751628, 28.19202], [117.751624, 28.192025], [117.73468, 28.21578], [117.734677, 28.215786], [117.734674, 28.215793], [117.734672, 28.2158], [117.734672, 28.215807], [117.734672, 28.215814], [117.738823, 28.241253], [117.738824, 28.24126], [117.738827, 28.241266], [117.73883, 28.241272], [117.738834, 28.241277], [117.738839, 28.241281], [117.757589, 28.256052], [117.757595, 28.256056], [117.757602, 28.256059], [117.757609, 28.256061], [117.757616, 28.256061], [117.757623, 28.256061], [117.75763, 28.256059], [117.784974, 28.247636], [117.784981, 28.247634], [117.784986, 28.24763], [117.784992, 28.247626], [117.784996, 28.247621], [117.785, 28.247615], [117.785003, 28.247609], [117.785005, 28.247603], [117.785006, 28.247596], [117.786178, 28.224183], [117.786178, 28.224176], [117.786177, 28.22417], [117.786175, 28.224164], [117.786172, 28.224158], [117.786168, 28.224153], [117.776403, 28.211628], [117.776399, 28.211624], [117.776395, 28.211621], [117.776391, 28.211618], [117.762821, 28.203149], [117.751692, 28.19202], [117.751687, 28.192015], [117.751681, 28.192012], [117.751675, 28.192009], [117.751668, 28.192007]]]}}, {"type": "Feature", "properties": {"scalerank": 6, "featurecla": "Urban area", "area_sqkm": 54.982, "min_zoom": 6}, "bbox": [114.34102, 27.780898, 114.430074, 27.854767], "geometry": {"type": "Polygon", "coordinates": [[[114.418855, 27.780899], [114.418847, 27.780898], [114.385253, 27.78124], [114.385246, 27.781241], [114.385241, 27.781242], [114.374401, 27.784538], [114.374395, 27.78454], [114.374389, 27.784543], [114.363256, 27.792014], [114.363251, 27.792018], [114.363247, 27.792022], [114.363243, 27.792027], [114.357876, 27.800421], [114.357872, 27.800426], [114.357871, 27.800427], [114.357868, 27.800433], [114.357868, 27.800435], [114.349964, 27.82034], [114.341042, 27.825386], [114.341036, 27.825391], [114.341031, 27.825396], [114.341026, 27.825402], [114.341023, 27.825408], [114.341021, 27.825415], [114.34102, 27.825422], [114.34102, 27.82543], [114.341021, 27.825437], [114.341023, 27.825444], [114.341027, 27.82545], [114.341031, 27.825456], [114.356607, 27.842497], [114.356612, 27.842502], [114.356618, 27.842505], [114.356624, 27.842508], [114.382063, 27.85264], [114.38207, 27.852642], [114.382077, 27.852643], [114.409372, 27.854767], [114.409378, 27.854767], [114.409384, 27.854767], [114.40939, 27.854765], [114.430044, 27.847685], [114.430051, 27.847682], [114.430056, 27.847678], [114.430062, 27.847674], [114.430066, 27.847668], [114.43007, 27.847662], [114.430072, 27.847656], [114.430074, 27.847649], [114.430074, 27.847642], [114.429732, 27.808946], [114.429732, 27.808938], [114.429731, 27.808936], [114.426167, 27.793067], [114.426165, 27.793062], [114.426162, 27.793054], [114.418886, 27.78092], [114.418882, 27.780914], [114.418876, 27.780908], [114.41887, 27.780904], [114.418863, 27.780901], [114.418855, 27.780899]]]}}, {"type": "Feature", "properties": {"scalerank": 6, "featurecla": "Urban area", "area_sqkm": 65.523, "min_zoom": 6}, "bbox": [114.885307, 27.769839, 114.985494, 27.861188], "geometry": {"type": "Polygon", "coordinates": [[[114.98383, 27.836027], [114.963175, 27.792032], [114.963172, 27.792027], [114.963168, 27.792021], [114.963163, 27.792017], [114.963158, 27.792013], [114.963151, 27.79201], [114.963145, 27.792008], [114.960948, 27.791495], [114.960942, 27.791494], [114.960936, 27.791494], [114.960931, 27.791494], [114.954298, 27.792494], [114.952077, 27.792011], [114.936071, 27.770101], [114.936067, 27.770096], [114.936062, 27.770092], [114.936056, 27.770088], [114.93605, 27.770085], [114.936044, 27.770084], [114.936037, 27.770083], [114.929885, 27.769839], [114.929877, 27.769839], [114.92987, 27.76984], [114.929864, 27.769843], [114.929857, 27.769846], [114.929852, 27.769851], [114.929847, 27.769856], [114.929843, 27.769862], [114.92984, 27.769869], [114.929838, 27.769876], [114.929497, 27.772], [114.929496, 27.772008], [114.929496, 27.772012], [114.930228, 27.779158], [114.929846, 27.780903], [114.92207, 27.781972], [114.904302, 27.779775], [114.904297, 27.779775], [114.90429, 27.779776], [114.896576, 27.780899], [114.896568, 27.7809], [114.896561, 27.780903], [114.896554, 27.780908], [114.896549, 27.780913], [114.896544, 27.780919], [114.89654, 27.780926], [114.896538, 27.780934], [114.896147, 27.782765], [114.896147, 27.782772], [114.896147, 27.782778], [114.89683, 27.789951], [114.89654, 27.79203], [114.888054, 27.800418], [114.888051, 27.800422], [114.888048, 27.800426], [114.888045, 27.800431], [114.885311, 27.806437], [114.885308, 27.806443], [114.885307, 27.80645], [114.885307, 27.806456], [114.885404, 27.814269], [114.885405, 27.814275], [114.885406, 27.81428], [114.885408, 27.814286], [114.895173, 27.837086], [114.895174, 27.837089], [114.895176, 27.837094], [114.89518, 27.837099], [114.895184, 27.837104], [114.895186, 27.837106], [114.914227, 27.855194], [114.914232, 27.855198], [114.914237, 27.855202], [114.914243, 27.855204], [114.914249, 27.855206], [114.943839, 27.861187], [114.943846, 27.861188], [114.943854, 27.861188], [114.943862, 27.861186], [114.985463, 27.847685], [114.98547, 27.847682], [114.985476, 27.847679], [114.985481, 27.847674], [114.985485, 27.847669], [114.985489, 27.847663], [114.985492, 27.847657], [114.985494, 27.84765], [114.985494, 27.847643], [114.985494, 27.847636], [114.983834, 27.836039], [114.983832, 27.836033], [114.98383, 27.836027]]]}}, {"type": "Feature", "properties": {"scalerank": 9, "featurecla": "Urban area", "area_sqkm": 15.753, "min_zoom": 7.7}, "bbox": [118.527982, 27.925356, 118.573775, 27.970417], "geometry": {"type": "Polygon", "coordinates": [[[118.573678, 27.945543], [118.573775, 27.936461], [118.573775, 27.936453], [118.573773, 27.936446], [118.57377, 27.936439], [118.573766, 27.936432], [118.57376, 27.936427], [118.573754, 27.936422], [118.573747, 27.936419], [118.57374, 27.936417], [118.573732, 27.936416], [118.573725, 27.936416], [118.573717, 27.936418], [118.57371, 27.936421], [118.573703, 27.936425], [118.571975, 27.937721], [118.566732, 27.932987], [118.562158, 27.927172], [118.562544, 27.925411], [118.562545, 27.925403], [118.562545, 27.925396], [118.562543, 27.925389], [118.562541, 27.925382], [118.562537, 27.925376], [118.562533, 27.92537], [118.562527, 27.925365], [118.562521, 27.925361], [118.562514, 27.925358], [118.562507, 27.925357], [118.5625, 27.925356], [118.554443, 27.925429], [118.554436, 27.92543], [118.554428, 27.925432], [118.533871, 27.933245], [118.533864, 27.933248], [118.533862, 27.93325], [118.529174, 27.936423], [118.529168, 27.936428], [118.529163, 27.936434], [118.529159, 27.93644], [118.529156, 27.936447], [118.529155, 27.936455], [118.527983, 27.945464], [118.527982, 27.94547], [118.527983, 27.945477], [118.527985, 27.945484], [118.527987, 27.94549], [118.530917, 27.9513], [118.53092, 27.951305], [118.530923, 27.951309], [118.530927, 27.951313], [118.5487, 27.967305], [118.548705, 27.967308], [118.54871, 27.967311], [118.554863, 27.970412], [118.554868, 27.970414], [118.554874, 27.970416], [118.55488, 27.970417], [118.554886, 27.970417], [118.562503, 27.96988], [118.56251, 27.969879], [118.562516, 27.969877], [118.562522, 27.969874], [118.562527, 27.96987], [118.562532, 27.969866], [118.567122, 27.965105], [118.567127, 27.965099], [118.567131, 27.965092], [118.571184, 27.956059], [118.571185, 27.956056], [118.571186, 27.956051], [118.573677, 27.945553], [118.573677, 27.945551], [118.573678, 27.945543]]]}}, {"type": "Feature", "properties": {"scalerank": 7, "featurecla": "Urban area", "area_sqkm": 72.267, "min_zoom": 7}, "bbox": [116.305814, 27.958681, 116.407467, 28.046296], "geometry": {"type": "Polygon", "coordinates": [[[116.362988, 27.958681], [116.318555, 27.958681], [116.318548, 27.958682], [116.318541, 27.958683], [116.318535, 27.958686], [116.318529, 27.95869], [116.318523, 27.958694], [116.318519, 27.958699], [116.318515, 27.958705], [116.311581, 27.971645], [116.311579, 27.97165], [116.311578, 27.971652], [116.307184, 27.985642], [116.307182, 27.985647], [116.307182, 27.985651], [116.305815, 28.000051], [116.305815, 28.000055], [116.305814, 28.000059], [116.305815, 28.000064], [116.305815, 28.000067], [116.307426, 28.014273], [116.307427, 28.01428], [116.307429, 28.014285], [116.307432, 28.014291], [116.32086, 28.036704], [116.320864, 28.036709], [116.320869, 28.036715], [116.320875, 28.036719], [116.320882, 28.036722], [116.345052, 28.046293], [116.345059, 28.046295], [116.345066, 28.046296], [116.345074, 28.046295], [116.375347, 28.042584], [116.375353, 28.042583], [116.375358, 28.042582], [116.375363, 28.042579], [116.407443, 28.025416], [116.407449, 28.025413], [116.407454, 28.025408], [116.407459, 28.025403], [116.407462, 28.025397], [116.407465, 28.02539], [116.407466, 28.025383], [116.407467, 28.025377], [116.407369, 28.0119], [116.407369, 28.011893], [116.407367, 28.011886], [116.407364, 28.011879], [116.40736, 28.011873], [116.40111, 28.003743], [116.401106, 28.003738], [116.401101, 28.003734], [116.385192, 27.992022], [116.379926, 27.981002], [116.377974, 27.971827], [116.377972, 27.971821], [116.377969, 27.971816], [116.374063, 27.964394], [116.37406, 27.964388], [116.374055, 27.964383], [116.37405, 27.964378], [116.374044, 27.964375], [116.363009, 27.958686], [116.363002, 27.958684], [116.362995, 27.958682], [116.362988, 27.958681]]]}}, {"type": "Feature", "properties": {"scalerank": 3, "featurecla": "Urban area", "area_sqkm": 115.742, "min_zoom": 3.7}, "bbox": [113.696732, 27.60541, 113.907955, 27.702106], "geometry": {"type": "Polygon", "coordinates": [[[113.903851, 27.657228], [113.907855, 27.646315], [113.907857, 27.646307], [113.907857, 27.6463], [113.907955, 27.636534], [113.907955, 27.636527], [113.907953, 27.636521], [113.907951, 27.636514], [113.907947, 27.636508], [113.907943, 27.636503], [113.904673, 27.633087], [113.904671, 27.633085], [113.904666, 27.633081], [113.904661, 27.633077], [113.904656, 27.633074], [113.904654, 27.633074], [113.885666, 27.625386], [113.858131, 27.60598], [113.858126, 27.605976], [113.85812, 27.605974], [113.858114, 27.605972], [113.858108, 27.605971], [113.846926, 27.60541], [113.846919, 27.60541], [113.846912, 27.605411], [113.846905, 27.605414], [113.846899, 27.605417], [113.806034, 27.632832], [113.796769, 27.636489], [113.783211, 27.636123], [113.756118, 27.626775], [113.756111, 27.626773], [113.756108, 27.626772], [113.741215, 27.625381], [113.741208, 27.625381], [113.741201, 27.625382], [113.722841, 27.629654], [113.722836, 27.629656], [113.722831, 27.629658], [113.722827, 27.629661], [113.713354, 27.636008], [113.71335, 27.636011], [113.713347, 27.636014], [113.706712, 27.642649], [113.696757, 27.647602], [113.696751, 27.647606], [113.696746, 27.64761], [113.696741, 27.647616], [113.696737, 27.647622], [113.696735, 27.647628], [113.696733, 27.647635], [113.696732, 27.647642], [113.696733, 27.647649], [113.696735, 27.647656], [113.696737, 27.647663], [113.705526, 27.664753], [113.70553, 27.664758], [113.705534, 27.664764], [113.705539, 27.664768], [113.705545, 27.664772], [113.705551, 27.664775], [113.705558, 27.664776], [113.722502, 27.668072], [113.722508, 27.668073], [113.722514, 27.668073], [113.72252, 27.668072], [113.722526, 27.66807], [113.740446, 27.661161], [113.740452, 27.661158], [113.740458, 27.661154], [113.740463, 27.661149], [113.752301, 27.647704], [113.814035, 27.695334], [113.814041, 27.695338], [113.814047, 27.695341], [113.814054, 27.695343], [113.84838, 27.702105], [113.848387, 27.702106], [113.848393, 27.702106], [113.848399, 27.702105], [113.848405, 27.702103], [113.848411, 27.7021], [113.885667, 27.681007], [113.885672, 27.681003], [113.885676, 27.680999], [113.88568, 27.680995], [113.903844, 27.65724], [113.903848, 27.657235], [113.903851, 27.657228]]]}}, {"type": "Feature", "properties": {"scalerank": 9, "featurecla": "Urban area", "area_sqkm": 22.841, "min_zoom": 7.7}, "bbox": [113.486137, 27.647597, 113.530807, 27.703278], "geometry": {"type": "Polygon", "coordinates": [[[113.496782, 27.647598], [113.496775, 27.647597], [113.496768, 27.647598], [113.496761, 27.6476], [113.496755, 27.647604], [113.496749, 27.647608], [113.496744, 27.647613], [113.496739, 27.647618], [113.488634, 27.660411], [113.488631, 27.660416], [113.488629, 27.660422], [113.488628, 27.660428], [113.486137, 27.675443], [113.486137, 27.67545], [113.486137, 27.675457], [113.488628, 27.690423], [113.488629, 27.690429], [113.488631, 27.690435], [113.488634, 27.69044], [113.496739, 27.703257], [113.496744, 27.703263], [113.496749, 27.703268], [113.496756, 27.703273], [113.496763, 27.703276], [113.49677, 27.703277], [113.496777, 27.703278], [113.530078, 27.703278], [113.530086, 27.703277], [113.530093, 27.703275], [113.5301, 27.703272], [113.530107, 27.703268], [113.530112, 27.703263], [113.530117, 27.703256], [113.53012, 27.70325], [113.530122, 27.703242], [113.530123, 27.703234], [113.530807, 27.680456], [113.530807, 27.680455], [113.530806, 27.680447], [113.527388, 27.661599], [113.527387, 27.661593], [113.527384, 27.661588], [113.527381, 27.661583], [113.527378, 27.661578], [113.517027, 27.649689], [113.517026, 27.649688], [113.517021, 27.649683], [113.517016, 27.649679], [113.51701, 27.649676], [113.517003, 27.649674], [113.516997, 27.649673], [113.516992, 27.649672], [113.496782, 27.647598]]]}}, {"type": "Feature", "properties": {"scalerank": 8, "featurecla": "Urban area", "area_sqkm": 31.379, "min_zoom": 7.6}, "bbox": [117.995951, 27.725356, 118.063131, 27.793903], "geometry": {"type": "Polygon", "coordinates": [[[118.040437, 27.725357], [118.040431, 27.725356], [118.040425, 27.725356], [118.040419, 27.725357], [118.032705, 27.727164], [118.032698, 27.727166], [118.032692, 27.727169], [118.032687, 27.727172], [118.032682, 27.727177], [118.032678, 27.727182], [118.018229, 27.747635], [118.002126, 27.759298], [118.002122, 27.7593], [118.002118, 27.759304], [118.002114, 27.759308], [118.002111, 27.759312], [118.002109, 27.759314], [117.996642, 27.767613], [117.996639, 27.767618], [117.996637, 27.767623], [117.996635, 27.767629], [117.996635, 27.767635], [117.995951, 27.780941], [117.995951, 27.780948], [117.995953, 27.780956], [117.995956, 27.780963], [117.99596, 27.780969], [117.995965, 27.780975], [117.99597, 27.78098], [117.995977, 27.780984], [118.01585, 27.790261], [118.015854, 27.790263], [118.015859, 27.790264], [118.031435, 27.793902], [118.031442, 27.793903], [118.031449, 27.793903], [118.031456, 27.793902], [118.043174, 27.791119], [118.043181, 27.791117], [118.043187, 27.791114], [118.043192, 27.79111], [118.043197, 27.791106], [118.043201, 27.7911], [118.059949, 27.766686], [118.059951, 27.766683], [118.059954, 27.766676], [118.063128, 27.757618], [118.06313, 27.757613], [118.063131, 27.757608], [118.063131, 27.757602], [118.062887, 27.747666], [118.062886, 27.747659], [118.062884, 27.747652], [118.062882, 27.747646], [118.062878, 27.74764], [118.062873, 27.747635], [118.062868, 27.74763], [118.062862, 27.747627], [118.058962, 27.745628], [118.042225, 27.729037], [118.04047, 27.725382], [118.040467, 27.725376], [118.040462, 27.72537], [118.040457, 27.725365], [118.040451, 27.725361], [118.040444, 27.725359], [118.040437, 27.725357]]]}}, {"type": "Feature", "properties": {"scalerank": 8, "featurecla": "Urban area", "area_sqkm": 29.147, "min_zoom": 7.6}, "bbox": [118.084818, 27.325454, 118.162643, 27.375959], "geometry": {"type": "Polygon", "coordinates": [[[118.111096, 27.375029], [118.133892, 27.368806], [118.162596, 27.369977], [118.162603, 27.369977], [118.16261, 27.369976], [118.162617, 27.369973], [118.162623, 27.369969], [118.162629, 27.369965], [118.162634, 27.369959], [118.162637, 27.369953], [118.16264, 27.369947], [118.162642, 27.369939], [118.162643, 27.369932], [118.162545, 27.346592], [118.162544, 27.346586], [118.162543, 27.34658], [118.162541, 27.346574], [118.156291, 27.33317], [118.156287, 27.333164], [118.156283, 27.333158], [118.156277, 27.333154], [118.156271, 27.33315], [118.144895, 27.326973], [118.144889, 27.32697], [118.144883, 27.326969], [118.144877, 27.326968], [118.129399, 27.325454], [118.129391, 27.325454], [118.129384, 27.325455], [118.129377, 27.325457], [118.116096, 27.331121], [118.116089, 27.331125], [118.116084, 27.331129], [118.116079, 27.331134], [118.095872, 27.35505], [118.084849, 27.358781], [118.084842, 27.358784], [118.084836, 27.358788], [118.084831, 27.358793], [118.084826, 27.358798], [118.084823, 27.358805], [118.08482, 27.358811], [118.084819, 27.358818], [118.084818, 27.358826], [118.084819, 27.358833], [118.084821, 27.35884], [118.084824, 27.358846], [118.09459, 27.375936], [118.094594, 27.375942], [118.094599, 27.375947], [118.094604, 27.375952], [118.094611, 27.375955], [118.094617, 27.375957], [118.094624, 27.375958], [118.094631, 27.375959], [118.094637, 27.375958], [118.111087, 27.375031], [118.111092, 27.37503], [118.111096, 27.375029]]]}}, {"type": "Feature", "properties": {"scalerank": 9, "featurecla": "Urban area", "area_sqkm": 14.128, "min_zoom": 7.7}, "bbox": [117.451615, 27.358779, 117.507271, 27.392804], "geometry": {"type": "Polygon", "coordinates": [[[117.505123, 27.379019], [117.507271, 27.358829], [117.507271, 27.358821], [117.50727, 27.358814], [117.507268, 27.358807], [117.507265, 27.358801], [117.507261, 27.358795], [117.507256, 27.35879], [117.50725, 27.358785], [117.507243, 27.358782], [117.507236, 27.35878], [117.507229, 27.358779], [117.507222, 27.358779], [117.507215, 27.358781], [117.507208, 27.358783], [117.488763, 27.3672], [117.470564, 27.364493], [117.470563, 27.364492], [117.470558, 27.364492], [117.470553, 27.364492], [117.470548, 27.364493], [117.456827, 27.367203], [117.45682, 27.367205], [117.456813, 27.367208], [117.456807, 27.367212], [117.456802, 27.367218], [117.456797, 27.367224], [117.456794, 27.36723], [117.456792, 27.367238], [117.451616, 27.39214], [117.451615, 27.392147], [117.451615, 27.392154], [117.451617, 27.392161], [117.451619, 27.392168], [117.451623, 27.392174], [117.451627, 27.39218], [117.451632, 27.392185], [117.451638, 27.392189], [117.451645, 27.392191], [117.451652, 27.392193], [117.451659, 27.392194], [117.474511, 27.392804], [117.474512, 27.392804], [117.47452, 27.392804], [117.493172, 27.389386], [117.493178, 27.389384], [117.493183, 27.389382], [117.493189, 27.389379], [117.493193, 27.389376], [117.505108, 27.379048], [117.505112, 27.379044], [117.505116, 27.379038], [117.505119, 27.379032], [117.505122, 27.379026], [117.505123, 27.379019]]]}}, {"type": "Feature", "properties": {"scalerank": 9, "featurecla": "Urban area", "area_sqkm": 23.047, "min_zoom": 7.7}, "bbox": [118.284867, 27.033803, 118.36274, 27.070026], "geometry": {"type": "Polygon", "coordinates": [[[118.327889, 27.033804], [118.327881, 27.033803], [118.327875, 27.033804], [118.296674, 27.037612], [118.296667, 27.037614], [118.296661, 27.037616], [118.296655, 27.03762], [118.296649, 27.037624], [118.296644, 27.037629], [118.296641, 27.037635], [118.284873, 27.058851], [118.28487, 27.058858], [118.284868, 27.058866], [118.284867, 27.058873], [118.284868, 27.058881], [118.28487, 27.058888], [118.284873, 27.058895], [118.284878, 27.058902], [118.284883, 27.058907], [118.28489, 27.058912], [118.299001, 27.06709], [118.299007, 27.067094], [118.299014, 27.067096], [118.299021, 27.067096], [118.362693, 27.070026], [118.362701, 27.070026], [118.362708, 27.070024], [118.362715, 27.070022], [118.362722, 27.070018], [118.362727, 27.070013], [118.362732, 27.070007], [118.362736, 27.070001], [118.362739, 27.069993], [118.36274, 27.069986], [118.36274, 27.069979], [118.362739, 27.069971], [118.357076, 27.045266], [118.357075, 27.045264], [118.357073, 27.045257], [118.35707, 27.045251], [118.357065, 27.045245], [118.35706, 27.04524], [118.357054, 27.045235], [118.357048, 27.045232], [118.357047, 27.045232], [118.327897, 27.033807], [118.327896, 27.033806], [118.327889, 27.033804]]]}}, {"type": "Feature", "properties": {"scalerank": 7, "featurecla": "Urban area", "area_sqkm": 59.109, "min_zoom": 7}, "bbox": [114.953471, 27.085097, 115.040963, 27.170026], "geometry": {"type": "Polygon", "coordinates": [[[114.984087, 27.085098], [114.98408, 27.085097], [114.984073, 27.085098], [114.984066, 27.0851], [114.984059, 27.085104], [114.984053, 27.085108], [114.953486, 27.111598], [114.953481, 27.111603], [114.953477, 27.111609], [114.953473, 27.111616], [114.953471, 27.111624], [114.953471, 27.111631], [114.953471, 27.111639], [114.96309, 27.169989], [114.963092, 27.169996], [114.963096, 27.170003], [114.9631, 27.17001], [114.963105, 27.170015], [114.963112, 27.17002], [114.963119, 27.170023], [114.963126, 27.170025], [114.963134, 27.170026], [114.963142, 27.170026], [114.993757, 27.165192], [114.993766, 27.165189], [115.017936, 27.156083], [115.017942, 27.15608], [115.017948, 27.156076], [115.034306, 27.14277], [115.03431, 27.142766], [115.034314, 27.142761], [115.034317, 27.142757], [115.034319, 27.142751], [115.03432, 27.14275], [115.04096, 27.125539], [115.040962, 27.125532], [115.040963, 27.125525], [115.040963, 27.125517], [115.040961, 27.12551], [115.040958, 27.125504], [115.023673, 27.089932], [115.023669, 27.089926], [115.023665, 27.08992], [115.023659, 27.089915], [115.023653, 27.089911], [115.023646, 27.089909], [115.023638, 27.089907], [114.984087, 27.085098]]]}}, {"type": "Feature", "properties": {"scalerank": 7, "featurecla": "Urban area", "area_sqkm": 24.881, "min_zoom": 7}, "bbox": [118.151518, 26.61205, 118.207271, 26.670124], "geometry": {"type": "Polygon", "coordinates": [[[118.174812, 26.612051], [118.174805, 26.61205], [118.174796, 26.612051], [118.162589, 26.614444], [118.162582, 26.614446], [118.162575, 26.614449], [118.162568, 26.614454], [118.162563, 26.614459], [118.162559, 26.614466], [118.162555, 26.614473], [118.15904, 26.624287], [118.159038, 26.624295], [118.159037, 26.624298], [118.155425, 26.659814], [118.15152, 26.670063], [118.151518, 26.67007], [118.151518, 26.670078], [118.151518, 26.670085], [118.15152, 26.670092], [118.151522, 26.670099], [118.151526, 26.670106], [118.151531, 26.670111], [118.151537, 26.670116], [118.151543, 26.67012], [118.15155, 26.670122], [118.151558, 26.670124], [118.151565, 26.670124], [118.175198, 26.668781], [118.175204, 26.66878], [118.175209, 26.668779], [118.175215, 26.668777], [118.192256, 26.66072], [118.192262, 26.660716], [118.192268, 26.660711], [118.192273, 26.660706], [118.202771, 26.646179], [118.202774, 26.646174], [118.202777, 26.646169], [118.202778, 26.646163], [118.20727, 26.625655], [118.207271, 26.625648], [118.207271, 26.62564], [118.20727, 26.625633], [118.207267, 26.625626], [118.207264, 26.62562], [118.207259, 26.625614], [118.207253, 26.625609], [118.207247, 26.625605], [118.188009, 26.615718], [118.188004, 26.615715], [118.188, 26.615714], [118.174817, 26.612052], [118.174812, 26.612051]]]}}, {"type": "Feature", "properties": {"scalerank": 8, "featurecla": "Urban area", "area_sqkm": 40.4, "min_zoom": 7.6}, "bbox": [117.584916, 26.225649, 117.684957, 26.325715], "geometry": {"type": "Polygon", "coordinates": [[[117.617773, 26.226137], [117.607131, 26.225649], [117.607123, 26.225649], [117.607116, 26.225651], [117.607109, 26.225654], [117.607103, 26.225658], [117.607097, 26.225662], [117.607092, 26.225668], [117.607088, 26.225675], [117.593715, 26.253812], [117.584938, 26.258981], [117.584932, 26.258985], [117.584927, 26.25899], [117.584922, 26.258996], [117.584919, 26.259003], [117.584917, 26.259011], [117.584916, 26.259018], [117.584916, 26.259026], [117.584918, 26.259033], [117.584921, 26.25904], [117.588827, 26.26656], [117.588831, 26.266566], [117.588836, 26.266571], [117.588842, 26.266576], [117.588848, 26.266579], [117.588855, 26.266582], [117.588862, 26.266583], [117.618345, 26.270171], [117.635322, 26.28005], [117.646544, 26.293029], [117.662753, 26.32569], [117.662756, 26.325696], [117.662761, 26.325702], [117.662767, 26.325706], [117.662773, 26.32571], [117.66278, 26.325713], [117.662787, 26.325714], [117.662795, 26.325715], [117.662802, 26.325714], [117.662809, 26.325712], [117.662816, 26.325709], [117.677171, 26.317286], [117.677177, 26.317281], [117.67718, 26.317279], [117.683723, 26.31098], [117.683727, 26.310975], [117.683731, 26.310969], [117.683734, 26.310962], [117.683736, 26.310956], [117.684956, 26.30346], [117.684957, 26.303452], [117.684956, 26.303445], [117.684954, 26.303437], [117.684951, 26.30343], [117.684947, 26.303424], [117.684941, 26.303419], [117.681181, 26.300245], [117.681175, 26.30024], [117.681168, 26.300237], [117.666427, 26.294697], [117.662836, 26.29227], [117.659957, 26.258967], [117.659956, 26.258963], [117.659954, 26.258955], [117.655804, 26.247846], [117.655801, 26.24784], [117.655797, 26.247834], [117.655792, 26.247829], [117.655787, 26.247825], [117.633521, 26.232786], [117.633519, 26.232784], [117.633514, 26.232782], [117.617796, 26.226143], [117.617791, 26.226141], [117.617786, 26.226139], [117.617781, 26.226138], [117.617775, 26.226138], [117.617773, 26.226137]]]}}, {"type": "Feature", "properties": {"scalerank": 9, "featurecla": "Urban area", "area_sqkm": 10.67, "min_zoom": 7.7}, "bbox": [117.778861, 26.381167, 117.809713, 26.421491], "geometry": {"type": "Polygon", "coordinates": [[[117.807227, 26.381167], [117.784961, 26.381167], [117.784953, 26.381167], [117.784946, 26.381169], [117.784939, 26.381172], [117.784933, 26.381177], [117.784927, 26.381182], [117.784923, 26.381188], [117.784919, 26.381195], [117.784917, 26.381202], [117.778862, 26.409205], [117.778861, 26.409212], [117.778861, 26.409219], [117.778863, 26.409226], [117.778865, 26.409232], [117.778868, 26.409239], [117.778872, 26.409244], [117.778877, 26.409249], [117.793624, 26.421481], [117.79363, 26.421485], [117.793636, 26.421488], [117.793643, 26.42149], [117.793651, 26.421491], [117.793658, 26.421491], [117.793665, 26.421489], [117.793672, 26.421486], [117.809688, 26.413552], [117.809694, 26.413548], [117.8097, 26.413543], [117.809705, 26.413537], [117.809709, 26.41353], [117.809711, 26.413523], [117.809713, 26.413516], [117.809713, 26.413508], [117.807272, 26.381212], [117.807271, 26.381208], [117.80727, 26.381201], [117.807268, 26.381194], [117.807264, 26.381187], [117.80726, 26.381181], [117.807254, 26.381176], [117.807248, 26.381172], [117.807241, 26.381169], [117.807234, 26.381167], [117.807227, 26.381167]]]}}, {"type": "Feature", "properties": {"scalerank": 8, "featurecla": "Urban area", "area_sqkm": 29.04, "min_zoom": 7.6}, "bbox": [117.354789, 25.94789, 117.409908, 26.025739], "geometry": {"type": "Polygon", "coordinates": [[[117.362799, 25.947891], [117.362791, 25.94789], [117.362784, 25.947891], [117.362777, 25.947893], [117.36277, 25.947896], [117.362764, 25.947901], [117.362759, 25.947906], [117.362755, 25.947912], [117.362751, 25.947918], [117.354792, 25.967083], [117.35479, 25.96709], [117.354789, 25.967097], [117.354789, 25.967105], [117.354791, 25.967112], [117.354793, 25.967119], [117.354797, 25.967125], [117.378377, 26.002202], [117.384918, 26.025706], [117.38492, 26.025713], [117.384924, 26.02572], [117.384929, 26.025726], [117.384935, 26.025731], [117.384942, 26.025735], [117.384949, 26.025737], [117.384956, 26.025739], [117.384964, 26.025739], [117.384972, 26.025738], [117.384979, 26.025735], [117.406268, 26.016458], [117.406274, 26.016455], [117.406279, 26.016451], [117.406284, 26.016446], [117.406288, 26.016441], [117.406291, 26.016435], [117.406293, 26.016428], [117.406295, 26.016422], [117.409908, 25.983463], [117.409908, 25.983457], [117.409908, 25.98345], [117.409906, 25.983445], [117.409904, 25.983439], [117.395404, 25.952168], [117.395402, 25.952164], [117.395398, 25.952158], [117.395394, 25.952152], [117.395388, 25.952147], [117.395382, 25.952143], [117.395375, 25.95214], [117.395367, 25.952139], [117.395361, 25.952138], [117.362799, 25.947891]]]}}, {"type": "Feature", "properties": {"scalerank": 9, "featurecla": "Urban area", "area_sqkm": 17.951, "min_zoom": 7.7}, "bbox": [116.728568, 25.703506, 116.774166, 25.748493], "geometry": {"type": "Polygon", "coordinates": [[[116.766349, 25.741657], [116.773966, 25.726887], [116.773968, 25.72688], [116.77397, 25.726873], [116.773971, 25.726866], [116.774166, 25.703551], [116.774166, 25.703544], [116.774164, 25.703536], [116.774161, 25.70353], [116.774157, 25.703524], [116.774152, 25.703518], [116.774147, 25.703514], [116.774141, 25.70351], [116.774134, 25.703507], [116.774127, 25.703506], [116.77412, 25.703506], [116.750098, 25.704287], [116.750096, 25.704287], [116.75009, 25.704287], [116.750084, 25.704289], [116.750078, 25.704291], [116.750075, 25.704293], [116.735039, 25.711444], [116.735033, 25.711448], [116.735028, 25.711452], [116.735023, 25.711457], [116.73502, 25.711463], [116.728574, 25.722987], [116.728571, 25.722992], [116.728569, 25.722999], [116.728568, 25.723005], [116.728568, 25.723011], [116.729447, 25.736879], [116.729448, 25.736886], [116.729451, 25.736893], [116.729454, 25.736899], [116.729458, 25.736905], [116.729463, 25.73691], [116.729469, 25.736914], [116.729475, 25.736917], [116.729482, 25.73692], [116.72949, 25.736921], [116.729497, 25.73692], [116.729504, 25.736919], [116.729511, 25.736917], [116.731435, 25.736051], [116.741499, 25.746139], [116.740682, 25.747966], [116.740679, 25.747973], [116.740678, 25.74798], [116.740678, 25.747987], [116.740679, 25.747994], [116.740681, 25.748001], [116.740685, 25.748008], [116.740689, 25.748014], [116.740694, 25.748019], [116.7407, 25.748023], [116.740707, 25.748026], [116.740714, 25.748028], [116.740721, 25.748029], [116.754198, 25.748493], [116.754204, 25.748493], [116.75421, 25.748492], [116.754216, 25.74849], [116.754221, 25.748487], [116.766331, 25.741676], [116.766336, 25.741672], [116.766341, 25.741668], [116.766345, 25.741663], [116.766349, 25.741657]]]}}, {"type": "Feature", "properties": {"scalerank": 5, "featurecla": "Urban area", "area_sqkm": 117.398, "min_zoom": 5}, "bbox": [114.867045, 25.81459, 115.030025, 25.910431], "geometry": {"type": "Polygon", "coordinates": [[[115.028951, 25.861123], [115.030025, 25.847963], [115.030025, 25.847956], [115.030024, 25.847948], [115.030021, 25.84794], [115.030017, 25.847934], [115.030012, 25.847928], [115.030006, 25.847923], [115.029999, 25.847919], [115.029992, 25.847916], [115.029984, 25.847915], [115.021683, 25.847231], [115.02168, 25.847231], [115.021675, 25.847231], [115.004493, 25.848989], [114.996502, 25.847917], [114.98607, 25.840337], [114.975381, 25.820692], [114.975378, 25.820686], [114.975373, 25.820681], [114.975368, 25.820677], [114.975362, 25.820673], [114.963155, 25.814594], [114.963148, 25.814592], [114.963142, 25.81459], [114.963135, 25.81459], [114.907617, 25.81459], [114.90761, 25.81459], [114.907603, 25.814592], [114.907597, 25.814594], [114.907591, 25.814598], [114.907586, 25.814602], [114.907581, 25.814608], [114.907577, 25.814614], [114.907575, 25.81462], [114.907573, 25.814627], [114.90728, 25.816385], [114.907279, 25.816392], [114.907279, 25.816396], [114.907914, 25.823763], [114.907579, 25.825703], [114.902832, 25.826308], [114.889654, 25.824526], [114.889648, 25.824526], [114.889642, 25.824526], [114.889636, 25.824528], [114.885437, 25.8257], [114.88543, 25.825702], [114.885424, 25.825706], [114.885418, 25.82571], [114.885414, 25.825716], [114.88541, 25.825722], [114.885407, 25.825728], [114.885405, 25.825735], [114.885014, 25.828055], [114.885014, 25.828062], [114.885014, 25.828068], [114.885892, 25.834871], [114.88541, 25.836823], [114.867749, 25.848386], [114.867743, 25.84839], [114.867739, 25.848395], [114.867735, 25.8484], [114.867732, 25.848407], [114.86773, 25.848413], [114.867729, 25.84842], [114.867045, 25.856183], [114.867045, 25.85619], [114.867046, 25.856196], [114.867047, 25.856202], [114.86705, 25.856208], [114.874276, 25.870197], [114.874277, 25.870199], [114.874282, 25.870206], [114.894497, 25.893643], [114.894502, 25.893648], [114.894509, 25.893653], [114.921853, 25.908961], [114.921859, 25.908964], [114.921866, 25.908966], [114.921873, 25.908967], [114.956053, 25.910431], [114.95606, 25.910431], [114.956066, 25.91043], [114.956073, 25.910428], [114.996503, 25.892434], [114.996507, 25.892432], [114.996513, 25.892428], [115.023955, 25.869723], [115.02396, 25.869717], [115.023965, 25.869711], [115.028945, 25.861141], [115.028948, 25.861135], [115.02895, 25.861129], [115.028951, 25.861123]]]}}, {"type": "Feature", "properties": {"scalerank": 9, "featurecla": "Urban area", "area_sqkm": 14.447, "min_zoom": 7.7}, "bbox": [118.218217, 25.470595, 118.273824, 25.503254], "geometry": {"type": "Polygon", "coordinates": [[[118.250887, 25.470596], [118.250879, 25.470595], [118.250874, 25.470596], [118.232759, 25.472671], [118.232752, 25.472672], [118.232747, 25.472674], [118.232741, 25.472677], [118.218239, 25.48132], [118.218233, 25.481324], [118.218228, 25.481329], [118.218223, 25.481335], [118.21822, 25.481341], [118.218218, 25.481348], [118.218217, 25.481355], [118.218217, 25.481363], [118.218218, 25.48137], [118.218221, 25.481377], [118.225301, 25.497148], [118.225304, 25.497154], [118.225308, 25.49716], [118.225313, 25.497165], [118.225319, 25.497169], [118.225326, 25.497172], [118.241049, 25.503251], [118.241055, 25.503253], [118.241062, 25.503254], [118.24107, 25.503253], [118.25938, 25.501178], [118.259386, 25.501177], [118.259392, 25.501175], [118.259398, 25.501172], [118.273802, 25.49253], [118.273808, 25.492525], [118.273813, 25.49252], [118.273818, 25.492514], [118.273821, 25.492508], [118.273823, 25.492501], [118.273824, 25.492494], [118.273824, 25.492486], [118.273823, 25.492479], [118.27382, 25.492472], [118.266644, 25.476704], [118.266642, 25.476701], [118.266639, 25.476695], [118.266635, 25.476689], [118.26663, 25.476684], [118.266624, 25.476681], [118.266618, 25.476678], [118.266617, 25.476677], [118.250895, 25.470598], [118.250887, 25.470596]]]}}, {"type": "Feature", "properties": {"scalerank": 8, "featurecla": "Urban area", "area_sqkm": 41.338, "min_zoom": 7.6}, "bbox": [113.318998, 25.114883, 113.397506, 25.184479], "geometry": {"type": "Polygon", "coordinates": [[[113.397501, 25.159707], [113.385684, 25.136977], [113.385681, 25.136971], [113.385677, 25.136966], [113.385672, 25.136962], [113.385666, 25.136958], [113.38566, 25.136956], [113.385654, 25.136954], [113.383408, 25.13649], [113.383402, 25.136489], [113.383397, 25.136489], [113.383392, 25.136489], [113.376857, 25.137465], [113.374633, 25.136957], [113.357358, 25.117461], [113.357353, 25.117456], [113.357347, 25.117452], [113.357341, 25.117449], [113.357334, 25.117447], [113.345713, 25.114884], [113.345705, 25.114883], [113.345698, 25.114883], [113.345691, 25.114884], [113.345684, 25.114887], [113.345677, 25.114891], [113.33015, 25.125804], [113.330146, 25.125807], [113.330142, 25.125811], [113.330138, 25.125816], [113.324526, 25.134186], [113.324523, 25.13419], [113.324522, 25.134192], [113.324518, 25.1342], [113.320954, 25.144552], [113.320952, 25.144558], [113.320951, 25.144563], [113.318998, 25.17032], [113.318998, 25.170327], [113.318999, 25.170334], [113.319001, 25.17034], [113.319005, 25.170347], [113.319009, 25.170352], [113.319014, 25.170357], [113.31902, 25.170361], [113.319026, 25.170365], [113.353694, 25.184476], [113.3537, 25.184478], [113.353707, 25.184479], [113.353714, 25.184479], [113.35372, 25.184478], [113.383408, 25.178302], [113.383414, 25.1783], [113.38342, 25.178297], [113.383425, 25.178294], [113.38343, 25.17829], [113.383434, 25.178285], [113.397497, 25.159754], [113.397501, 25.159748], [113.397504, 25.159742], [113.397505, 25.159735], [113.397506, 25.159727], [113.397505, 25.15972], [113.397504, 25.159713], [113.397501, 25.159707]]]}}, {"type": "Feature", "properties": {"scalerank": 9, "featurecla": "Urban area", "area_sqkm": 24.895, "min_zoom": 7.7}, "bbox": [117.392875, 25.270254, 117.44067, 25.336994], "geometry": {"type": "Polygon", "coordinates": [[[117.429451, 25.270254], [117.429444, 25.270254], [117.429436, 25.270254], [117.429428, 25.270256], [117.429421, 25.270259], [117.41487, 25.278389], [117.414864, 25.278394], [117.414862, 25.278396], [117.414858, 25.278399], [117.40075, 25.291872], [117.400746, 25.291877], [117.400743, 25.291881], [117.400741, 25.291886], [117.392879, 25.308438], [117.392877, 25.308445], [117.392875, 25.308452], [117.392875, 25.308459], [117.392876, 25.308466], [117.396147, 25.325849], [117.396149, 25.325856], [117.396153, 25.325863], [117.396157, 25.325869], [117.396162, 25.325875], [117.396169, 25.325879], [117.403786, 25.330347], [117.403793, 25.330351], [117.403801, 25.330353], [117.440617, 25.336993], [117.440624, 25.336994], [117.440632, 25.336993], [117.440639, 25.336992], [117.440646, 25.336989], [117.440652, 25.336985], [117.440658, 25.33698], [117.440662, 25.336974], [117.440666, 25.336967], [117.440668, 25.33696], [117.44067, 25.336953], [117.44067, 25.336946], [117.436764, 25.28238], [117.436763, 25.282373], [117.436761, 25.282367], [117.436757, 25.282361], [117.429482, 25.270275], [117.429477, 25.270269], [117.429472, 25.270264], [117.429466, 25.270259], [117.429459, 25.270256], [117.429451, 25.270254]]]}}, {"type": "Feature", "properties": {"scalerank": 9, "featurecla": "Urban area", "area_sqkm": 13.052, "min_zoom": 7.7}, "bbox": [118.273734, 25.306142, 118.318258, 25.346589], "geometry": {"type": "Polygon", "coordinates": [[[118.304891, 25.306143], [118.304885, 25.306142], [118.304879, 25.306142], [118.304873, 25.306143], [118.304867, 25.306145], [118.295981, 25.309563], [118.29598, 25.309563], [118.295974, 25.309566], [118.295969, 25.309569], [118.295964, 25.309573], [118.295962, 25.309576], [118.28718, 25.318309], [118.273757, 25.325801], [118.273751, 25.325806], [118.273745, 25.325811], [118.273741, 25.325817], [118.273737, 25.325824], [118.273735, 25.325832], [118.273734, 25.325839], [118.273735, 25.325847], [118.273736, 25.325854], [118.273739, 25.325861], [118.282675, 25.343073], [118.282678, 25.343079], [118.282683, 25.343084], [118.282688, 25.343088], [118.282693, 25.343092], [118.282699, 25.343095], [118.282706, 25.343097], [118.299893, 25.346588], [118.2999, 25.346589], [118.299907, 25.346588], [118.299914, 25.346587], [118.29992, 25.346585], [118.299926, 25.346582], [118.315161, 25.337011], [118.315167, 25.337007], [118.315172, 25.337001], [118.315176, 25.336994], [118.31518, 25.336987], [118.315181, 25.33698], [118.318257, 25.314738], [118.318258, 25.314731], [118.318257, 25.314724], [118.318255, 25.314717], [118.318252, 25.31471], [118.318248, 25.314704], [118.318243, 25.314699], [118.318237, 25.314694], [118.304907, 25.306149], [118.304902, 25.306147], [118.304896, 25.306144], [118.304891, 25.306143]]]}}, {"type": "Feature", "properties": {"scalerank": 8, "featurecla": "Urban area", "area_sqkm": 27.287, "min_zoom": 7.6}, "bbox": [118.151518, 25.036928, 118.240523, 25.095246], "geometry": {"type": "Polygon", "coordinates": [[[118.195358, 25.073792], [118.19603, 25.070361], [118.227375, 25.083231], [118.227383, 25.083233], [118.227391, 25.083234], [118.227398, 25.083234], [118.240484, 25.0815], [118.240492, 25.081499], [118.240498, 25.081496], [118.240505, 25.081492], [118.24051, 25.081488], [118.240515, 25.081482], [118.240519, 25.081476], [118.240521, 25.081469], [118.240523, 25.081462], [118.240523, 25.081455], [118.240523, 25.081447], [118.240521, 25.08144], [118.236761, 25.071089], [118.236758, 25.071083], [118.236755, 25.071078], [118.236751, 25.071073], [118.227571, 25.0616], [118.227568, 25.061597], [118.227564, 25.061594], [118.207251, 25.048093], [118.207246, 25.04809], [118.207239, 25.048087], [118.207233, 25.048086], [118.204693, 25.047744], [118.204688, 25.047744], [118.204682, 25.047744], [118.198147, 25.048598], [118.196041, 25.048095], [118.196041, 25.036973], [118.19604, 25.036966], [118.196039, 25.036959], [118.196036, 25.036952], [118.196032, 25.036946], [118.196027, 25.036941], [118.196021, 25.036936], [118.196015, 25.036933], [118.196008, 25.03693], [118.196001, 25.036929], [118.195993, 25.036928], [118.195986, 25.03693], [118.195979, 25.036932], [118.185434, 25.041204], [118.185432, 25.041204], [118.185427, 25.041207], [118.185422, 25.04121], [118.185418, 25.041213], [118.185415, 25.041217], [118.166974, 25.058853], [118.151562, 25.059194], [118.151554, 25.059195], [118.151547, 25.059197], [118.15154, 25.0592], [118.151534, 25.059204], [118.151529, 25.059209], [118.151524, 25.059215], [118.151521, 25.059222], [118.151519, 25.059229], [118.151518, 25.059236], [118.151518, 25.059243], [118.151519, 25.05925], [118.151521, 25.059257], [118.151525, 25.059264], [118.167785, 25.083751], [118.167788, 25.083755], [118.167794, 25.083761], [118.181954, 25.095236], [118.181961, 25.09524], [118.181968, 25.095243], [118.181975, 25.095245], [118.181983, 25.095246], [118.181991, 25.095245], [118.196005, 25.09256], [118.196011, 25.092558], [118.196018, 25.092555], [118.196024, 25.092551], [118.196029, 25.092546], [118.196033, 25.092541], [118.196037, 25.092535], [118.196039, 25.092528], [118.196041, 25.092521], [118.196578, 25.088322], [118.196578, 25.088316], [118.196578, 25.088312], [118.195358, 25.073792]]]}}, {"type": "Feature", "properties": {"scalerank": 8, "featurecla": "Urban area", "area_sqkm": 66.103, "min_zoom": 7.6}, "bbox": [116.97393, 25.05895, 117.073971, 25.148151], "geometry": {"type": "Polygon", "coordinates": [[[117.062869, 25.070263], [117.057156, 25.065941], [117.057151, 25.065938], [117.057149, 25.065937], [117.048702, 25.061665], [117.048697, 25.061663], [117.048694, 25.061662], [117.038977, 25.058952], [117.03897, 25.05895], [117.038964, 25.05895], [117.02954, 25.059194], [117.029534, 25.059195], [117.029528, 25.059196], [117.029522, 25.059198], [117.024004, 25.061762], [117.023999, 25.061765], [117.023994, 25.061768], [117.02399, 25.061772], [117.023986, 25.061777], [117.02174, 25.065024], [117.021737, 25.06503], [117.021734, 25.065037], [117.020859, 25.068076], [117.018344, 25.070253], [117.000247, 25.069204], [117.00024, 25.069204], [117.000233, 25.069205], [116.996281, 25.070254], [116.996278, 25.070255], [116.996271, 25.070258], [116.996264, 25.070261], [116.996258, 25.070266], [116.996254, 25.070271], [116.99625, 25.070277], [116.996247, 25.070284], [116.996245, 25.070291], [116.995854, 25.07261], [116.995853, 25.072618], [116.995854, 25.072624], [116.996732, 25.079451], [116.99625, 25.081425], [116.973955, 25.092475], [116.973948, 25.092479], [116.973943, 25.092484], [116.973938, 25.092489], [116.973934, 25.092495], [116.973932, 25.092502], [116.97393, 25.092509], [116.97393, 25.092516], [116.97393, 25.092524], [116.973932, 25.092531], [116.977839, 25.103444], [116.977841, 25.10345], [116.977845, 25.103455], [116.977849, 25.10346], [117.004607, 25.129974], [117.004612, 25.129979], [117.004618, 25.129982], [117.018319, 25.137027], [117.018607, 25.138783], [117.018217, 25.146297], [117.018217, 25.146302], [117.018314, 25.148109], [117.018315, 25.148116], [117.018318, 25.148123], [117.018321, 25.14813], [117.018325, 25.148135], [117.018331, 25.148141], [117.018337, 25.148145], [117.018343, 25.148148], [117.01835, 25.14815], [117.018358, 25.148151], [117.018365, 25.148151], [117.052007, 25.144], [117.052014, 25.143999], [117.05202, 25.143997], [117.052026, 25.143994], [117.052032, 25.14399], [117.052036, 25.143985], [117.070347, 25.122452], [117.070351, 25.122446], [117.070354, 25.122441], [117.070356, 25.122435], [117.070357, 25.122428], [117.07397, 25.094279], [117.073971, 25.094273], [117.07397, 25.094266], [117.073969, 25.09426], [117.073967, 25.094254], [117.062883, 25.07028], [117.062879, 25.070273], [117.062874, 25.070268], [117.062869, 25.070263]]]}}, {"type": "Feature", "properties": {"scalerank": 8, "featurecla": "Urban area", "area_sqkm": 28.155, "min_zoom": 7.6}, "bbox": [114.285502, 25.104848, 114.341109, 25.159211], "geometry": {"type": "Polygon", "coordinates": [[[114.313289, 25.104849], [114.313282, 25.104848], [114.313274, 25.104849], [114.313267, 25.104851], [114.31326, 25.104854], [114.287826, 25.118425], [114.287821, 25.118428], [114.287814, 25.118432], [114.287809, 25.118437], [114.287804, 25.118443], [114.2878, 25.11845], [114.287798, 25.118457], [114.287797, 25.118465], [114.287797, 25.118468], [114.285502, 25.159163], [114.285502, 25.159171], [114.285504, 25.159178], [114.285506, 25.159185], [114.28551, 25.159191], [114.285514, 25.159197], [114.28552, 25.159202], [114.285526, 25.159205], [114.285532, 25.159208], [114.28554, 25.15921], [114.285547, 25.159211], [114.341064, 25.159211], [114.341072, 25.15921], [114.341079, 25.159208], [114.341086, 25.159205], [114.341092, 25.159202], [114.341097, 25.159197], [114.341102, 25.159191], [114.341105, 25.159185], [114.341108, 25.159178], [114.341109, 25.159171], [114.341109, 25.159163], [114.338814, 25.118465], [114.338813, 25.118457], [114.338811, 25.11845], [114.338807, 25.118443], [114.338803, 25.118437], [114.338797, 25.118432], [114.338791, 25.118428], [114.313302, 25.104854], [114.313297, 25.104851], [114.313289, 25.104849]]]}}, {"type": "Feature", "properties": {"scalerank": 4, "featurecla": "Urban area", "area_sqkm": 223.296, "min_zoom": 4}, "bbox": [113.496732, 24.656557, 113.67568, 24.870392], "geometry": {"type": "Polygon", "coordinates": [[[113.585836, 24.837053], [113.604689, 24.829697], [113.64403, 24.841875], [113.644036, 24.841876], [113.644042, 24.841877], [113.644048, 24.841876], [113.644054, 24.841875], [113.663487, 24.837066], [113.663494, 24.837064], [113.663501, 24.83706], [113.663507, 24.837056], [113.663512, 24.83705], [113.663516, 24.837044], [113.663519, 24.837038], [113.663521, 24.837031], [113.663522, 24.837024], [113.663521, 24.837016], [113.66352, 24.837009], [113.663517, 24.837002], [113.633341, 24.775552], [113.63334, 24.77555], [113.633335, 24.775543], [113.619102, 24.759262], [113.625273, 24.751608], [113.652365, 24.737086], [113.65237, 24.737083], [113.652375, 24.737079], [113.652379, 24.737074], [113.657116, 24.730897], [113.657119, 24.730892], [113.65712, 24.73089], [113.660878, 24.723448], [113.665944, 24.717311], [113.67452, 24.714874], [113.674524, 24.714873], [113.674531, 24.714871], [113.674537, 24.714867], [113.674543, 24.714863], [113.674547, 24.714857], [113.674551, 24.714851], [113.674554, 24.714845], [113.674556, 24.714838], [113.675679, 24.708808], [113.67568, 24.7088], [113.675679, 24.708793], [113.675678, 24.708786], [113.675675, 24.708779], [113.675671, 24.708773], [113.675666, 24.708767], [113.67566, 24.708763], [113.6719, 24.706175], [113.671895, 24.706172], [113.67189, 24.706169], [113.671884, 24.706168], [113.666615, 24.70507], [113.663519, 24.703691], [113.663131, 24.698766], [113.664693, 24.685782], [113.664693, 24.685777], [113.664693, 24.685771], [113.664692, 24.685765], [113.66352, 24.681493], [113.663518, 24.681486], [113.663514, 24.68148], [113.66351, 24.681474], [113.663505, 24.681469], [113.663499, 24.681466], [113.663492, 24.681463], [113.663486, 24.681461], [113.658945, 24.680533], [113.658939, 24.680532], [113.658934, 24.680532], [113.658929, 24.680532], [113.64551, 24.682557], [113.641333, 24.681465], [113.625718, 24.663531], [113.625713, 24.663526], [113.625707, 24.663522], [113.625701, 24.663519], [113.609393, 24.656561], [113.609385, 24.656559], [113.609378, 24.656557], [113.60937, 24.656558], [113.585786, 24.659243], [113.58578, 24.659244], [113.585773, 24.659246], [113.585768, 24.659249], [113.585762, 24.659253], [113.585758, 24.659258], [113.578775, 24.667021], [113.578771, 24.667027], [113.578768, 24.667033], [113.578765, 24.66704], [113.578764, 24.667046], [113.574517, 24.703706], [113.564223, 24.720465], [113.551488, 24.731833], [113.518925, 24.748164], [113.518919, 24.748167], [113.518914, 24.748172], [113.518909, 24.748177], [113.518905, 24.748183], [113.518903, 24.74819], [113.518901, 24.748197], [113.5189, 24.748204], [113.518901, 24.748211], [113.518903, 24.748218], [113.518905, 24.748224], [113.536188, 24.781936], [113.539504, 24.794003], [113.535315, 24.805375], [113.519057, 24.814689], [113.520401, 24.812141], [113.520404, 24.812134], [113.520406, 24.812127], [113.520406, 24.81212], [113.520406, 24.812112], [113.520404, 24.812105], [113.520401, 24.812099], [113.520397, 24.812093], [113.51737, 24.808137], [113.517365, 24.808132], [113.51736, 24.808128], [113.512526, 24.80471], [113.512521, 24.804707], [113.512516, 24.804705], [113.51251, 24.804703], [113.508018, 24.803653], [113.508011, 24.803652], [113.508003, 24.803652], [113.507996, 24.803654], [113.507989, 24.803656], [113.507983, 24.80366], [113.507977, 24.803664], [113.507972, 24.80367], [113.507968, 24.803676], [113.507965, 24.803683], [113.507963, 24.80369], [113.507963, 24.803698], [113.507964, 24.803705], [113.508449, 24.806203], [113.505043, 24.81192], [113.500187, 24.81629], [113.496796, 24.814764], [113.496789, 24.814762], [113.496781, 24.814761], [113.496774, 24.814761], [113.496767, 24.814762], [113.49676, 24.814764], [113.496753, 24.814768], [113.496747, 24.814772], [113.496742, 24.814778], [113.496738, 24.814784], [113.496735, 24.814791], [113.496733, 24.814798], [113.496732, 24.814805], [113.496733, 24.814813], [113.496735, 24.81482], [113.496738, 24.814827], [113.502597, 24.82574], [113.5026, 24.825744], [113.502603, 24.825748], [113.502607, 24.825752], [113.546845, 24.86501], [113.54685, 24.865014], [113.546856, 24.865017], [113.546862, 24.865019], [113.560144, 24.868877], [113.560148, 24.868878], [113.560154, 24.868879], [113.585788, 24.870392], [113.585796, 24.870392], [113.585803, 24.870391], [113.58581, 24.870388], [113.585816, 24.870385], [113.585822, 24.87038], [113.585827, 24.870375], [113.585831, 24.870369], [113.585834, 24.870362], [113.585835, 24.870355], [113.585836, 24.870347], [113.585836, 24.837053]]]}}, {"type": "Feature", "properties": {"scalerank": 5, "featurecla": "Urban area", "area_sqkm": 194.973, "min_zoom": 5}, "bbox": [117.606303, 24.418838, 117.857174, 24.582624], "geometry": {"type": "Polygon", "coordinates": [[[117.629426, 24.570462], [117.639892, 24.569123], [117.663764, 24.572296], [117.66377, 24.572297], [117.663777, 24.572296], [117.673836, 24.570465], [117.673844, 24.570463], [117.673851, 24.57046], [117.673857, 24.570455], [117.673862, 24.57045], [117.679478, 24.563858], [117.679482, 24.563851], [117.679483, 24.56385], [117.690662, 24.542738], [117.696162, 24.53714], [117.711123, 24.53697], [117.739093, 24.549466], [117.7391, 24.549468], [117.739107, 24.549469], [117.739114, 24.549469], [117.762795, 24.548249], [117.762802, 24.548248], [117.762809, 24.548246], [117.762815, 24.548243], [117.762821, 24.548239], [117.762826, 24.548234], [117.766244, 24.54445], [117.766248, 24.544445], [117.766251, 24.54444], [117.766253, 24.544435], [117.771232, 24.530108], [117.773854, 24.52603], [117.781347, 24.525251], [117.800385, 24.527692], [117.80039, 24.527692], [117.800396, 24.527692], [117.800401, 24.527691], [117.807237, 24.526031], [117.807244, 24.526028], [117.807251, 24.526025], [117.807257, 24.526021], [117.807262, 24.526015], [117.807266, 24.526009], [117.807269, 24.526002], [117.807271, 24.525995], [117.807272, 24.525988], [117.807271, 24.52598], [117.807269, 24.525973], [117.806, 24.522018], [117.805997, 24.522011], [117.805993, 24.522005], [117.796139, 24.50876], [117.796139, 24.503747], [117.803436, 24.499344], [117.829308, 24.492705], [117.829315, 24.492703], [117.829321, 24.4927], [117.829327, 24.492696], [117.829332, 24.492691], [117.831478, 24.490056], [117.838605, 24.483271], [117.83861, 24.483265], [117.838614, 24.483259], [117.838617, 24.483252], [117.838619, 24.483244], [117.838619, 24.483237], [117.838618, 24.48323], [117.838616, 24.483223], [117.825938, 24.480455], [117.846283, 24.475084], [117.849567, 24.474836], [117.857167, 24.462705], [117.85717, 24.462699], [117.857173, 24.462691], [117.857174, 24.462684], [117.857174, 24.462676], [117.857173, 24.462675], [117.815684, 24.471625], [117.79127, 24.467475], [117.79127, 24.460639], [117.845062, 24.419113], [117.845061, 24.419109], [117.845057, 24.419103], [117.845053, 24.419097], [117.845048, 24.419092], [117.845041, 24.419087], [117.845035, 24.419084], [117.845028, 24.419082], [117.84502, 24.419082], [117.830176, 24.418838], [117.830168, 24.418838], [117.830162, 24.41884], [117.801255, 24.42841], [117.80125, 24.428412], [117.801245, 24.428416], [117.727616, 24.477729], [117.718162, 24.481506], [117.666713, 24.464836], [117.666706, 24.464834], [117.666698, 24.464834], [117.666691, 24.464834], [117.666684, 24.464836], [117.651693, 24.470354], [117.651688, 24.470357], [117.651682, 24.47036], [117.651677, 24.470364], [117.618328, 24.50369], [117.618325, 24.503693], [117.618322, 24.503697], [117.61129, 24.51461], [117.611287, 24.514616], [117.611285, 24.514623], [117.606304, 24.532616], [117.606303, 24.532623], [117.606303, 24.53263], [117.607279, 24.555701], [117.60728, 24.555706], [117.607281, 24.555712], [117.607283, 24.555717], [117.618318, 24.581547], [117.618321, 24.581553], [117.618326, 24.581559], [117.618331, 24.581564], [117.618338, 24.581568], [117.618344, 24.581571], [117.618352, 24.581573], [117.624309, 24.582623], [117.624316, 24.582624], [117.624323, 24.582623], [117.62433, 24.582622], [117.624337, 24.582619], [117.624343, 24.582615], [117.624348, 24.582611], [117.624353, 24.582605], [117.627087, 24.578821], [117.627091, 24.578815], [117.627093, 24.578809], [117.627095, 24.578803], [117.628071, 24.573559], [117.629426, 24.570462]]]}}, {"type": "Feature", "properties": {"scalerank": 8, "featurecla": "Urban area", "area_sqkm": 25.949, "min_zoom": 7.6}, "bbox": [113.418998, 24.303652, 113.490475, 24.359406], "geometry": {"type": "Polygon", "coordinates": [[[113.490471, 24.326336], [113.485736, 24.314863], [113.485735, 24.314862], [113.485732, 24.314855], [113.485728, 24.31485], [113.485723, 24.314845], [113.485717, 24.31484], [113.485711, 24.314837], [113.485704, 24.314835], [113.485701, 24.314834], [113.473644, 24.311832], [113.473636, 24.311831], [113.473629, 24.311831], [113.473621, 24.311832], [113.458196, 24.31603], [113.442597, 24.316957], [113.430209, 24.303739], [113.430203, 24.303735], [113.430197, 24.303731], [113.430191, 24.303728], [113.430184, 24.303726], [113.430176, 24.303725], [113.424659, 24.303652], [113.424652, 24.303653], [113.424645, 24.303654], [113.424639, 24.303657], [113.424633, 24.30366], [113.421215, 24.306028], [113.42121, 24.306032], [113.421205, 24.306037], [113.421202, 24.306042], [113.421199, 24.306048], [113.419587, 24.309979], [113.419585, 24.309985], [113.419584, 24.30999], [113.418998, 24.314873], [113.418998, 24.31488], [113.418999, 24.314886], [113.419, 24.314892], [113.419002, 24.314898], [113.419006, 24.314904], [113.441222, 24.348229], [113.441227, 24.348234], [113.441232, 24.348239], [113.441238, 24.348243], [113.441244, 24.348246], [113.464107, 24.356655], [113.463433, 24.35935], [113.463432, 24.359358], [113.463432, 24.359366], [113.463433, 24.359373], [113.463436, 24.359381], [113.46344, 24.359387], [113.463445, 24.359393], [113.463451, 24.359398], [113.463458, 24.359402], [113.463465, 24.359405], [113.463473, 24.359406], [113.463481, 24.359406], [113.463488, 24.359404], [113.463496, 24.359402], [113.47873, 24.352248], [113.478736, 24.352245], [113.478742, 24.35224], [113.478747, 24.352235], [113.487927, 24.339979], [113.48793, 24.339973], [113.487933, 24.339967], [113.487935, 24.33996], [113.490474, 24.326361], [113.490475, 24.326355], [113.490474, 24.326349], [113.490473, 24.326342], [113.490471, 24.326336]]]}}, {"type": "Feature", "properties": {"scalerank": 8, "featurecla": "Urban area", "area_sqkm": 36.044, "min_zoom": 7.6}, "bbox": [118.282074, 24.415054, 118.363521, 24.483249], "geometry": {"type": "Polygon", "coordinates": [[[118.307735, 24.480226], [118.307774, 24.480207], [118.307813, 24.480207], [118.30782, 24.480206], [118.307827, 24.480205], [118.307973, 24.480156], [118.307979, 24.480153], [118.308028, 24.480129], [118.308067, 24.480109], [118.308105, 24.480109], [118.308112, 24.480109], [118.308119, 24.480107], [118.308126, 24.480104], [118.308165, 24.480085], [118.308203, 24.480085], [118.308211, 24.480084], [118.308219, 24.480082], [118.344618, 24.465957], [118.351235, 24.472696], [118.354809, 24.470562], [118.363521, 24.471527], [118.363521, 24.471522], [118.363521, 24.471515], [118.36352, 24.471508], [118.363518, 24.471501], [118.359762, 24.463233], [118.359664, 24.452012], [118.359663, 24.452005], [118.359663, 24.452002], [118.358637, 24.447778], [118.358635, 24.447772], [118.358633, 24.447766], [118.358629, 24.447761], [118.351793, 24.43924], [118.351792, 24.439239], [118.351786, 24.439234], [118.333873, 24.424811], [118.328851, 24.415083], [118.328848, 24.415078], [118.328844, 24.415071], [118.328839, 24.415066], [118.328833, 24.415061], [118.328827, 24.415057], [118.32882, 24.415055], [118.328812, 24.415054], [118.328804, 24.415054], [118.328797, 24.415055], [118.32879, 24.415058], [118.328783, 24.415061], [118.32878, 24.415064], [118.292357, 24.440135], [118.292351, 24.440139], [118.292351, 24.44014], [118.292328, 24.440619], [118.289561, 24.455634], [118.28297, 24.470038], [118.282074, 24.477362], [118.287852, 24.480455], [118.294093, 24.483249], [118.307627, 24.480255], [118.307628, 24.480254], [118.307726, 24.48023], [118.30773, 24.480229], [118.307735, 24.480226]]]}}, {"type": "Feature", "properties": {"scalerank": 7, "featurecla": "Urban area", "area_sqkm": 56.775, "min_zoom": 7}, "bbox": [116.062943, 24.26061, 116.151021, 24.348249], "geometry": {"type": "Polygon", "coordinates": [[[116.123885, 24.260611], [116.123877, 24.26061], [116.123872, 24.26061], [116.106441, 24.262393], [116.106434, 24.262394], [116.106427, 24.262396], [116.10642, 24.2624], [116.089331, 24.273801], [116.089327, 24.273804], [116.089321, 24.27381], [116.074187, 24.292605], [116.070783, 24.295158], [116.067236, 24.295668], [116.06723, 24.295669], [116.067224, 24.29567], [116.067218, 24.295673], [116.067212, 24.295676], [116.067207, 24.295679], [116.064429, 24.297483], [116.064423, 24.297487], [116.064418, 24.297492], [116.064414, 24.297497], [116.064411, 24.297503], [116.064409, 24.29751], [116.062945, 24.30376], [116.062944, 24.303762], [116.062943, 24.30377], [116.062943, 24.30858], [116.062944, 24.308587], [116.062946, 24.308594], [116.062949, 24.308601], [116.062953, 24.308607], [116.062958, 24.308613], [116.062963, 24.308617], [116.06297, 24.308621], [116.062977, 24.308623], [116.069022, 24.310256], [116.093819, 24.330587], [116.093825, 24.330591], [116.093828, 24.330593], [116.107377, 24.337124], [116.107377, 24.348204], [116.107378, 24.348211], [116.107379, 24.348218], [116.107382, 24.348225], [116.107386, 24.348231], [116.107391, 24.348237], [116.107397, 24.348241], [116.107404, 24.348245], [116.107411, 24.348247], [116.107418, 24.348249], [116.107425, 24.348249], [116.107433, 24.348248], [116.133995, 24.341778], [116.134, 24.341776], [116.134005, 24.341774], [116.13401, 24.341771], [116.140748, 24.337132], [116.140753, 24.337128], [116.140758, 24.337123], [116.140762, 24.337118], [116.146719, 24.326375], [116.146722, 24.326369], [116.146723, 24.326364], [116.15102, 24.308468], [116.151021, 24.308462], [116.151021, 24.308456], [116.150289, 24.288241], [116.150288, 24.288234], [116.150287, 24.288228], [116.150284, 24.288222], [116.140762, 24.270473], [116.140759, 24.270467], [116.140755, 24.270463], [116.14075, 24.270459], [116.140745, 24.270455], [116.1239, 24.260616], [116.123892, 24.260613], [116.123885, 24.260611]]]}}, {"type": "Feature", "properties": {"scalerank": 9, "featurecla": "Urban area", "area_sqkm": 10.463, "min_zoom": 7.7}, "bbox": [118.69809, 24.843573, 118.737299, 24.881061], "geometry": {"type": "Polygon", "coordinates": [[[118.719765, 24.881039], [118.737295, 24.851645], [118.737298, 24.851638], [118.737299, 24.851633], [118.736339, 24.851386], [118.716075, 24.843573], [118.706065, 24.846625], [118.699799, 24.851549], [118.69809, 24.859524], [118.701752, 24.871527], [118.707774, 24.877265], [118.709901, 24.87794], [118.709902, 24.877938], [118.709906, 24.877931], [118.709908, 24.877923], [118.709908, 24.877916], [118.709908, 24.87788], [118.719576, 24.881015], [118.719721, 24.881061], [118.719728, 24.881061], [118.719735, 24.88106], [118.719742, 24.881058], [118.719749, 24.881055], [118.719755, 24.881051], [118.719761, 24.881046], [118.719765, 24.881039]]]}}, {"type": "Feature", "properties": {"scalerank": 4, "featurecla": "Urban area", "area_sqkm": 1062.092, "min_zoom": 4}, "bbox": [118.312561, 24.582343, 118.763927, 25.029328], "geometry": {"type": "Polygon", "coordinates": [[[118.451559, 24.981431], [118.451559, 24.970411], [118.456517, 24.973973], [118.45652, 24.973975], [118.456525, 24.973977], [118.473705, 24.981469], [118.484046, 24.991273], [118.484726, 24.992561], [118.48473, 24.992567], [118.484735, 24.992572], [118.484741, 24.992577], [118.484747, 24.992581], [118.484754, 24.992583], [118.484761, 24.992585], [118.498238, 24.993927], [118.498242, 24.993928], [118.498246, 24.993927], [118.512792, 24.992756], [118.524239, 24.99429], [118.529159, 25.003669], [118.529163, 25.003675], [118.529168, 25.003681], [118.529174, 25.003685], [118.52918, 25.003689], [118.529187, 25.003691], [118.529194, 25.003693], [118.529201, 25.003693], [118.529208, 25.003692], [118.529215, 25.00369], [118.543082, 24.998392], [118.543089, 24.998389], [118.543095, 24.998385], [118.5431, 24.99838], [118.543104, 24.998375], [118.543107, 24.998369], [118.552477, 24.977311], [118.562516, 24.970366], [118.577979, 24.968537], [118.593253, 24.969806], [118.607256, 24.974148], [118.618034, 24.981464], [118.620954, 24.985649], [118.621538, 24.98835], [118.62154, 24.988357], [118.621543, 24.988363], [118.621547, 24.988369], [118.623207, 24.99042], [118.623212, 24.990424], [118.623216, 24.990428], [118.623221, 24.990431], [118.623227, 24.990434], [118.629282, 24.992582], [118.629289, 24.992584], [118.629291, 24.992584], [118.71811, 25.003693], [118.718117, 25.003693], [118.718125, 25.003692], [118.718132, 25.00369], [118.718139, 25.003686], [118.718145, 25.003682], [118.71815, 25.003676], [118.718155, 25.00367], [118.718158, 25.003663], [118.71816, 25.003655], [118.71816, 25.003648], [118.718159, 25.00364], [118.718157, 25.003633], [118.715084, 24.99529], [118.714742, 24.978996], [118.71947, 24.963642], [118.732147, 24.958157], [118.732153, 24.958154], [118.732159, 24.958149], [118.732165, 24.958143], [118.732169, 24.958137], [118.732172, 24.95813], [118.732173, 24.958123], [118.732174, 24.958115], [118.732173, 24.958107], [118.732171, 24.9581], [118.732168, 24.958093], [118.732163, 24.958087], [118.71415, 24.936657], [118.710442, 24.927997], [118.70753, 24.93122], [118.695567, 24.940416], [118.69752, 24.906806], [118.695567, 24.898871], [118.688813, 24.895738], [118.684825, 24.903306], [118.684337, 24.915473], [118.68808, 24.926174], [118.682709, 24.930976], [118.677257, 24.937405], [118.667735, 24.953437], [118.661632, 24.940863], [118.644054, 24.92414], [118.640391, 24.915595], [118.647472, 24.908515], [118.66212, 24.898383], [118.673432, 24.886623], [118.671153, 24.874661], [118.651215, 24.866889], [118.624115, 24.867825], [118.595795, 24.874742], [118.572032, 24.885199], [118.612804, 24.85578], [118.619884, 24.843573], [118.620616, 24.829291], [118.618012, 24.817532], [118.617931, 24.805325], [118.631221, 24.779851], [118.632556, 24.777284], [118.632565, 24.777276], [118.632579, 24.777248], [118.63795, 24.772121], [118.638026, 24.772327], [118.638164, 24.772206], [118.640583, 24.778761], [118.640585, 24.778767], [118.640589, 24.778773], [118.640593, 24.778777], [118.643987, 24.78222], [118.651622, 24.782538], [118.660655, 24.781887], [118.660814, 24.781894], [118.660841, 24.781891], [118.661864, 24.781936], [118.667735, 24.782172], [118.686534, 24.792792], [118.69752, 24.801663], [118.701752, 24.810045], [118.711029, 24.804877], [118.714643, 24.799059], [118.715077, 24.798349], [118.71508, 24.798344], [118.715082, 24.798338], [118.715084, 24.798333], [118.715439, 24.795988], [118.716319, 24.789944], [118.716075, 24.778754], [118.718847, 24.772083], [118.719952, 24.769391], [118.719966, 24.769391], [118.719981, 24.769355], [118.72877, 24.769477], [118.728985, 24.769562], [118.728995, 24.769562], [118.743489, 24.775296], [118.743496, 24.775299], [118.743498, 24.775299], [118.759532, 24.767768], [118.76295, 24.762681], [118.763927, 24.751695], [118.748546, 24.725165], [118.747202, 24.721646], [118.746824, 24.720686], [118.732026, 24.716457], [118.720225, 24.705552], [118.698741, 24.676011], [118.685395, 24.66649], [118.675792, 24.671454], [118.666515, 24.68301], [118.654063, 24.693427], [118.6421, 24.678697], [118.636998, 24.666214], [118.635981, 24.663744], [118.635571, 24.660444], [118.633881, 24.647284], [118.633627, 24.632139], [118.633541, 24.627879], [118.634466, 24.626382], [118.640229, 24.616929], [118.640271, 24.616928], [118.640268, 24.616924], [118.640262, 24.616919], [118.640256, 24.616915], [118.64025, 24.616912], [118.640243, 24.61691], [118.640235, 24.616909], [118.551564, 24.61476], [118.551556, 24.614761], [118.551549, 24.614762], [118.551543, 24.614765], [118.551537, 24.614769], [118.551531, 24.614773], [118.551526, 24.614779], [118.551523, 24.614785], [118.534482, 24.647744], [118.534479, 24.647749], [118.534478, 24.647751], [118.528668, 24.667014], [118.528667, 24.667019], [118.528666, 24.667028], [118.529153, 24.692554], [118.509697, 24.687155], [118.500236, 24.671671], [118.494086, 24.652755], [118.494085, 24.652754], [118.494082, 24.652747], [118.484804, 24.637048], [118.4848, 24.637042], [118.484795, 24.637037], [118.484789, 24.637032], [118.484782, 24.637029], [118.484775, 24.637027], [118.484767, 24.637026], [118.48476, 24.637026], [118.484752, 24.637028], [118.484745, 24.637031], [118.482016, 24.63842], [118.46572, 24.642323], [118.459003, 24.641545], [118.455115, 24.638215], [118.450043, 24.626633], [118.445323, 24.628974], [118.428071, 24.631334], [118.432709, 24.644721], [118.434662, 24.659003], [118.434906, 24.689643], [118.431244, 24.699693], [118.422618, 24.692857], [118.411469, 24.680121], [118.40089, 24.672309], [118.421886, 24.624498], [118.404796, 24.606635], [118.379893, 24.590237], [118.351654, 24.582343], [118.325043, 24.590318], [118.317393, 24.586982], [118.312561, 24.587614], [118.318171, 24.603761], [118.318173, 24.603767], [118.318177, 24.603773], [118.318181, 24.603778], [118.318187, 24.603782], [118.318192, 24.603786], [118.318199, 24.603788], [118.318205, 24.60379], [118.322746, 24.604571], [118.322754, 24.604572], [118.32276, 24.604572], [118.336276, 24.602644], [118.34039, 24.603781], [118.341117, 24.608458], [118.339311, 24.621733], [118.339311, 24.621739], [118.339311, 24.621745], [118.339312, 24.62175], [118.340386, 24.625925], [118.340388, 24.625932], [118.340392, 24.625938], [118.340396, 24.625944], [118.340401, 24.625949], [118.340407, 24.625953], [118.340414, 24.625956], [118.340421, 24.625958], [118.342764, 24.626446], [118.34277, 24.626447], [118.342775, 24.626447], [118.34278, 24.626447], [118.349315, 24.625447], [118.351524, 24.625951], [118.352005, 24.62821], [118.350835, 24.634817], [118.350834, 24.634824], [118.350834, 24.634831], [118.350836, 24.634838], [118.351519, 24.637084], [118.351522, 24.637091], [118.351525, 24.637097], [118.35153, 24.637102], [118.351535, 24.637107], [118.351541, 24.63711], [118.351547, 24.637113], [118.351553, 24.637115], [118.353702, 24.637555], [118.35371, 24.637555], [118.353717, 24.637555], [118.360545, 24.63658], [118.362655, 24.637107], [118.363333, 24.641759], [118.361479, 24.655082], [118.361478, 24.655089], [118.361479, 24.655095], [118.36148, 24.655101], [118.362652, 24.6593], [118.362655, 24.659307], [118.362658, 24.659313], [118.362663, 24.659319], [118.362668, 24.659324], [118.362675, 24.659328], [118.367167, 24.661647], [118.367172, 24.661649], [118.367179, 24.661651], [118.370585, 24.662308], [118.372713, 24.664195], [118.375444, 24.67668], [118.375446, 24.676687], [118.37545, 24.676694], [118.375454, 24.6767], [118.375459, 24.676705], [118.375465, 24.676709], [118.378883, 24.678784], [118.378888, 24.678787], [118.378893, 24.678789], [118.378899, 24.67879], [118.382596, 24.679423], [118.384814, 24.68152], [118.3836, 24.686788], [118.375447, 24.705168], [118.375446, 24.705171], [118.375444, 24.705178], [118.373686, 24.714822], [118.373686, 24.714829], [118.373686, 24.714836], [118.373688, 24.714843], [118.37369, 24.71485], [118.373694, 24.714856], [118.373698, 24.714861], [118.373704, 24.714866], [118.37371, 24.71487], [118.373716, 24.714873], [118.373723, 24.714874], [118.37373, 24.714875], [118.375378, 24.714875], [118.379171, 24.717257], [118.382969, 24.721251], [118.384818, 24.725946], [118.383451, 24.75201], [118.383451, 24.752012], [118.383452, 24.752021], [118.384819, 24.759272], [118.384821, 24.759279], [118.384824, 24.759285], [118.384828, 24.759291], [118.384833, 24.759296], [118.384838, 24.759301], [118.384845, 24.759304], [118.390509, 24.761868], [118.390512, 24.761869], [118.390518, 24.761871], [118.412482, 24.766679], [118.41812, 24.770348], [118.418803, 24.788972], [118.418127, 24.792544], [118.40708, 24.792544], [118.407072, 24.792544], [118.407065, 24.792546], [118.407058, 24.792549], [118.407052, 24.792554], [118.407046, 24.792559], [118.407042, 24.792565], [118.407038, 24.792572], [118.407036, 24.792579], [118.407035, 24.792587], [118.407036, 24.792595], [118.407037, 24.792602], [118.42056, 24.835757], [118.418119, 24.859234], [118.418119, 24.859242], [118.41812, 24.859249], [118.418122, 24.859256], [118.418126, 24.859263], [118.41813, 24.859269], [118.418136, 24.859274], [118.418142, 24.859278], [118.418148, 24.859281], [118.507036, 24.892596], [118.508012, 24.931865], [118.503092, 24.948475], [118.484835, 24.948063], [118.492228, 24.931694], [118.492231, 24.931687], [118.492232, 24.93168], [118.492232, 24.931672], [118.492231, 24.931665], [118.492229, 24.931658], [118.489983, 24.926409], [118.489979, 24.926402], [118.489974, 24.926396], [118.489969, 24.926391], [118.489962, 24.926387], [118.489955, 24.926384], [118.489947, 24.926382], [118.48994, 24.926382], [118.489932, 24.926383], [118.489924, 24.926385], [118.489918, 24.926388], [118.469222, 24.939348], [118.466007, 24.939957], [118.466, 24.939959], [118.465993, 24.939962], [118.465987, 24.939966], [118.463692, 24.941846], [118.463687, 24.94185], [118.463684, 24.941855], [118.46368, 24.941861], [118.463678, 24.941867], [118.463676, 24.941873], [118.462555, 24.948089], [118.454425, 24.959846], [118.410656, 24.94777], [118.410652, 24.947769], [118.410644, 24.947768], [118.384863, 24.948061], [118.384855, 24.948062], [118.384848, 24.948064], [118.384841, 24.948067], [118.384834, 24.948072], [118.384829, 24.948077], [118.384825, 24.948083], [118.384821, 24.94809], [118.384819, 24.948098], [118.384477, 24.949856], [118.384477, 24.949864], [118.384477, 24.949868], [118.385111, 24.95709], [118.384823, 24.959227], [118.380613, 24.960316], [118.367194, 24.958242], [118.367189, 24.958242], [118.367183, 24.958242], [118.367178, 24.958243], [118.362686, 24.959219], [118.362679, 24.959221], [118.362673, 24.959224], [118.362668, 24.959228], [118.362663, 24.959232], [118.362658, 24.959238], [118.362655, 24.959244], [118.3587, 24.967251], [118.358697, 24.967258], [118.358696, 24.967265], [118.351518, 25.014799], [118.351518, 25.014806], [118.351518, 25.014813], [118.35152, 25.014821], [118.351523, 25.014827], [118.351527, 25.014833], [118.351532, 25.014839], [118.351538, 25.014843], [118.351545, 25.014847], [118.351552, 25.014849], [118.411366, 25.029327], [118.411373, 25.029328], [118.411379, 25.029328], [118.411385, 25.029327], [118.429305, 25.025958], [118.429312, 25.025956], [118.429319, 25.025953], [118.429325, 25.025949], [118.429331, 25.025943], [118.429335, 25.025937], [118.429339, 25.025931], [118.429341, 25.025923], [118.430122, 25.022335], [118.430123, 25.022329], [118.430123, 25.022323], [118.429343, 25.003667], [118.443478, 24.990189], [118.44698, 24.989581], [118.446986, 24.98958], [118.446992, 24.989578], [118.446997, 24.989575], [118.449927, 24.987695], [118.449932, 24.987691], [118.449937, 24.987686], [118.449941, 24.987681], [118.449944, 24.987675], [118.449946, 24.987668], [118.451557, 24.981443], [118.451558, 24.981439], [118.451559, 24.981431]], [[118.526162, 24.72909], [118.518241, 24.714875], [118.551563, 24.714875], [118.551569, 24.714874], [118.551576, 24.714873], [118.551583, 24.71487], [118.551589, 24.714866], [118.551594, 24.714862], [118.551599, 24.714857], [118.551602, 24.714851], [118.551605, 24.714844], [118.551607, 24.714838], [118.5519, 24.713128], [118.5519, 24.713121], [118.5519, 24.713119], [118.551609, 24.703756], [118.555667, 24.702669], [118.569037, 24.704498], [118.569043, 24.704499], [118.56905, 24.704498], [118.573738, 24.703766], [118.573745, 24.703764], [118.573752, 24.703761], [118.573758, 24.703757], [118.573764, 24.703752], [118.573768, 24.703746], [118.573772, 24.703739], [118.573774, 24.703732], [118.574751, 24.699875], [118.574752, 24.699868], [118.574752, 24.699862], [118.573777, 24.681541], [118.575443, 24.681184], [118.58276, 24.681745], [118.582768, 24.681745], [118.584819, 24.681549], [118.584826, 24.681548], [118.584834, 24.681545], [118.58484, 24.681541], [118.584846, 24.681536], [118.584851, 24.68153], [118.584855, 24.681523], [118.584858, 24.681516], [118.585981, 24.677244], [118.585982, 24.677238], [118.585982, 24.677231], [118.585982, 24.677225], [118.583932, 24.663854], [118.584853, 24.659324], [118.588968, 24.658186], [118.602241, 24.659699], [118.602246, 24.659699], [118.60225, 24.659699], [118.607035, 24.659333], [118.607041, 24.659332], [118.607048, 24.65933], [118.607054, 24.659327], [118.60706, 24.659323], [118.607065, 24.659318], [118.607069, 24.659313], [118.607072, 24.659307], [118.608537, 24.656133], [118.608538, 24.656129], [118.60854, 24.656123], [118.609613, 24.650955], [118.612034, 24.64713], [118.618035, 24.648219], [118.622115, 24.657741], [118.602018, 24.679643], [118.602013, 24.679648], [118.60201, 24.679654], [118.595858, 24.692594], [118.595855, 24.6926], [118.595854, 24.692607], [118.595853, 24.692614], [118.595854, 24.692621], [118.595856, 24.692628], [118.597809, 24.698243], [118.597813, 24.698251], [118.597813, 24.698252], [118.605916, 24.711308], [118.606977, 24.714807], [118.584794, 24.725898], [118.584792, 24.725899], [118.584788, 24.725902], [118.561257, 24.743477], [118.548234, 24.748525], [118.529242, 24.74816], [118.528707, 24.737728], [118.528706, 24.737722], [118.528705, 24.737718], [118.526167, 24.729104], [118.526166, 24.729099], [118.526165, 24.729097], [118.526162, 24.72909]]]}}, {"type": "Feature", "properties": {"scalerank": 8, "featurecla": "Urban area", "area_sqkm": 62.196, "min_zoom": 7.6}, "bbox": [117.951521, 24.445747, 118.058116, 24.546784], "geometry": {"type": "Polygon", "coordinates": [[[118.020274, 24.454657], [118.021283, 24.448522], [118.021724, 24.445747], [117.996104, 24.446967], [117.951521, 24.463896], [117.952592, 24.477577], [117.952593, 24.477584], [117.952595, 24.47759], [117.952598, 24.477596], [117.952601, 24.477602], [117.952606, 24.477606], [117.952611, 24.477611], [117.973785, 24.492686], [117.977104, 24.546742], [117.977105, 24.546749], [117.977107, 24.546757], [117.977111, 24.546763], [117.977115, 24.546769], [117.977121, 24.546774], [117.977127, 24.546779], [117.977134, 24.546782], [117.977142, 24.546783], [117.977144, 24.546784], [117.97877, 24.542548], [118.020763, 24.536566], [118.044037, 24.528266], [118.058116, 24.515855], [118.044281, 24.498033], [118.036713, 24.490871], [118.02711, 24.487942], [118.013927, 24.487616], [118.009369, 24.485541], [118.006928, 24.480455], [117.999522, 24.470852], [118.007579, 24.465725], [118.020274, 24.454657]], [[118.00225, 24.448814], [118.002254, 24.448812], [118.002259, 24.448812], [118.00225, 24.448814]]]}}, {"type": "Feature", "properties": {"scalerank": 4, "featurecla": "Urban area", "area_sqkm": 111.816, "min_zoom": 4}, "bbox": [118.069998, 24.429267, 118.189301, 24.55622], "geometry": {"type": "Polygon", "coordinates": [[[118.137869, 24.536526], [118.163097, 24.531968], [118.181392, 24.535099], [118.181393, 24.535093], [118.181393, 24.534577], [118.181445, 24.534577], [118.182302, 24.52265], [118.189301, 24.503079], [118.188731, 24.494127], [118.180837, 24.483466], [118.171641, 24.478461], [118.16391, 24.47191], [118.160818, 24.456936], [118.153819, 24.437079], [118.136485, 24.429267], [118.114024, 24.430609], [118.092052, 24.438463], [118.081065, 24.445217], [118.073416, 24.452704], [118.069998, 24.460273], [118.071719, 24.466366], [118.072076, 24.46748], [118.072079, 24.467487], [118.072082, 24.467492], [118.072087, 24.467498], [118.072092, 24.467502], [118.072098, 24.467506], [118.072803, 24.46789], [118.081554, 24.472602], [118.093435, 24.474677], [118.103038, 24.479885], [118.103041, 24.4799], [118.103085, 24.479923], [118.104839, 24.48796], [118.105057, 24.488946], [118.106212, 24.494127], [118.082286, 24.482327], [118.074718, 24.483954], [118.072032, 24.49787], [118.072489, 24.499928], [118.072524, 24.499919], [118.073583, 24.504848], [118.075206, 24.512152], [118.089366, 24.538398], [118.09254, 24.55622], [118.112071, 24.5456], [118.137869, 24.536526]]]}}, {"type": "Feature", "properties": {"scalerank": 5, "featurecla": "Urban area", "area_sqkm": 241.803, "min_zoom": 5}, "bbox": [117.951615, 24.554999, 118.207418, 24.803742], "geometry": {"type": "Polygon", "coordinates": [[[118.207416, 24.734591], [118.184124, 24.66606], [118.184121, 24.666053], [118.184117, 24.666047], [118.184111, 24.666041], [118.184108, 24.666039], [118.181407, 24.672756], [118.160492, 24.693427], [118.157481, 24.662665], [118.15089, 24.658637], [118.145274, 24.658637], [118.141449, 24.656968], [118.137462, 24.633775], [118.130951, 24.620063], [118.122162, 24.607856], [118.112804, 24.597805], [118.110362, 24.584052], [118.103363, 24.584784], [118.092296, 24.597805], [118.044444, 24.617662], [118.036957, 24.597805], [118.04477, 24.575995], [118.037364, 24.560614], [118.021088, 24.554999], [118.00294, 24.562445], [118.009288, 24.580715], [117.992442, 24.571479], [117.977524, 24.555559], [117.977518, 24.555562], [117.977512, 24.555566], [117.977506, 24.555571], [117.977502, 24.555576], [117.977498, 24.555583], [117.977496, 24.55559], [117.977494, 24.555597], [117.977494, 24.555604], [117.977884, 24.561214], [117.973788, 24.5815], [117.955405, 24.591935], [117.951653, 24.592544], [117.951646, 24.592546], [117.951639, 24.592549], [117.951633, 24.592553], [117.951627, 24.592558], [117.951623, 24.592564], [117.951619, 24.59257], [117.951617, 24.592577], [117.951615, 24.592584], [117.951615, 24.592592], [117.951616, 24.592599], [117.951619, 24.592606], [117.951622, 24.592612], [117.966954, 24.617075], [117.966958, 24.61708], [117.966961, 24.617083], [117.980681, 24.630633], [117.980686, 24.630637], [117.98069, 24.63064], [117.980695, 24.630643], [117.995979, 24.637112], [117.995985, 24.637115], [117.995992, 24.637116], [117.995998, 24.637116], [118.005075, 24.636677], [118.007147, 24.637111], [118.018221, 24.659308], [118.018225, 24.659314], [118.018229, 24.659319], [118.018235, 24.659324], [118.01824, 24.659327], [118.018247, 24.65933], [118.018254, 24.659332], [118.01826, 24.659333], [118.018267, 24.659332], [118.03731, 24.65694], [118.037318, 24.656938], [118.037325, 24.656935], [118.068751, 24.641076], [118.084845, 24.648221], [118.084848, 24.648222], [118.084854, 24.648223], [118.09996, 24.651342], [118.101615, 24.662754], [118.095952, 24.692605], [118.095951, 24.692613], [118.095952, 24.69262], [118.095954, 24.692628], [118.097907, 24.698292], [118.09791, 24.6983], [118.097912, 24.698302], [118.104647, 24.708308], [118.107084, 24.714837], [118.105912, 24.740218], [118.105912, 24.74022], [118.105913, 24.740227], [118.107084, 24.74821], [118.107086, 24.748217], [118.107088, 24.748223], [118.107091, 24.748229], [118.107095, 24.748234], [118.1071, 24.748238], [118.10876, 24.749606], [118.108767, 24.74961], [118.112132, 24.751561], [118.115685, 24.754578], [118.125641, 24.781423], [118.125645, 24.781429], [118.125646, 24.781432], [118.140441, 24.803722], [118.140446, 24.803728], [118.140451, 24.803733], [118.140458, 24.803737], [118.140465, 24.80374], [118.140472, 24.803741], [118.14048, 24.803742], [118.140487, 24.803741], [118.140494, 24.803739], [118.163932, 24.794755], [118.163938, 24.794752], [118.163941, 24.79475], [118.183961, 24.781273], [118.183964, 24.781271], [118.183968, 24.781267], [118.199105, 24.765202], [118.199109, 24.765197], [118.199113, 24.765191], [118.207267, 24.748223], [118.207269, 24.748217], [118.207271, 24.748211], [118.207272, 24.748204], [118.207418, 24.734605], [118.207417, 24.734597], [118.207416, 24.734591]]]}}]}